Sample Number,Year,Area,Vessel,Pot,Sex,Legal,Carapace length,Carapace width,Coxa walking leg 1 RIGHT,Coxa walking leg 2 RIGHT,Coxa walking leg 3 RIGHT,Coxa walking leg 1 LEFT,Coxa walking leg 2 LEFT,Coxa walking leg 3 LEFT,Comments,QC,Data Recorder,Samplers,CW Size Bin
123,2017,Excursion,Medeia,,M,Sublegal,65,75,13,13,13,13,14,13,,,,,<100
21,2025,Juneau,Medeia,3,M,Sublegal,82,94,16,15,16,15,15,15,,AGR,SYW,"AGR, SM, TJ",<100
28,2025,Juneau,Medeia,4,M,Sublegal,87,97,16,17,16,16,15,17,,AGR,SYW,"AGR, SM, TJ",<100
52,2025,Juneau,Medeia,5,M,Sublegal,82,100,15,17,17,16,17,16,regenerated left leg,AGR,SYW,"AGR, SM, TJ",100-109
47,2025,Juneau,Medeia,5,M,Sublegal,88,102,17,17,18,17,17,18,,AGR,SYW,"AGR, SM, TJ",100-109
164,2025,Juneau,Medeia,10,M,Sublegal,88,102,16,17,17,17,17,17,,TJ,SYW,"AGR, SM, TJ",100-109
166,2025,Juneau,Medeia,10,M,Sublegal,89,102,16,16,15,17,17,16,,TJ,SYW,"AGR, SM, TJ",100-109
163,2017,Excursion,Medeia,,M,Sublegal,85,103,16,17,17,18,18,17,,,,,100-109
17,2025,Juneau,Medeia,3,M,Sublegal,88,103,16,16,16,16,16,18,,AGR,SYW,"AGR, SM, TJ",100-109
19,2025,Juneau,Medeia,3,M,Sublegal,88,103,16,15,17,15,16,18,,AGR,SYW,"AGR, SM, TJ",100-109
35,2025,Juneau,Medeia,5,M,Sublegal,84,103,16,18,16,15,16,15,,AGR,SYW,"AGR, SM, TJ",100-109
55,2025,Juneau,Medeia,5,M,Sublegal,90,103,17,18,19,17,18,19,,AGR,SYW,"AGR, SM, TJ",100-109
75,2025,Juneau,Medeia,6,M,Sublegal,100,103,19,19,20,19,19,20,,AGR,SYW,"AGR, SM, TJ",100-109
89,2025,Juneau,Medeia,6,M,Sublegal,89,103,16,17,17,16,17,17,,AGR,SYW,"AGR, SM, TJ",100-109
165,2025,Juneau,Medeia,10,M,Sublegal,90,103,18,18,18,18,18,18,,TJ,SYW,"AGR, SM, TJ",100-109
10,2025,Juneau,Medeia,3,M,Sublegal,93,104,19,20,18,18,20,18,,AGR,SYW,"AGR, SM, TJ",100-109
43,2025,Juneau,Medeia,5,M,Sublegal,90,104,18,18,18,18,18,18,,AGR,SYW,"AGR, SM, TJ",100-109
15,2025,Juneau,Medeia,3,M,Sublegal,90,105,17,18,18,17,17,18,,AGR,SYW,"AGR, SM, TJ",100-109
26,2025,Juneau,Medeia,4,M,Sublegal,91,105,17,17,18,17,18,16,,AGR,SYW,"AGR, SM, TJ",100-109
163,2025,Juneau,Medeia,10,M,Sublegal,92,105,17,18,18,18,18,18,,TJ,SYW,"AGR, SM, TJ",100-109
159,2017,Excursion,Medeia,,M,Sublegal,89,106,19,20,19,19,20,19,,,,,100-109
26,2017,Peril Strait,Medeia,,M,Sublegal,88,106,20,19,19,19,20,19,,,,,100-109
81,2025,Juneau,Medeia,6,M,Sublegal,90,106,17,18,18,18,17,17,,AGR,SYW,"AGR, SM, TJ",100-109
157,2025,Juneau,Medeia,9,M,Sublegal,94,106,18,17,14,18,18,19,,TJ,SYW,"AGR, SM, TJ",100-109
27,2025,Juneau,Medeia,4,M,Sublegal,91,107,17,18,17,17,17,18,,AGR,SYW,"AGR, SM, TJ",100-109
39,2025,Juneau,Medeia,5,M,Sublegal,93,107,17,17,18,17,17,18,,AGR,SYW,"AGR, SM, TJ",100-109
164,2017,Excursion,Medeia,,M,Sublegal,88,108,20,20,19,20,21,20,,,,,100-109
23,2017,Peril Strait,Medeia,,M,Sublegal,90,108,19,20,20,19,20,20,,,,,100-109
100,2025,Juneau,Medeia,7,M,Sublegal,95,108,17,18,17,18,18,19,,AGR,SYW,"AGR, SM, TJ",100-109
149,2025,Juneau,Medeia,9,M,Sublegal,92,108,18,18,18,18,19,20,,AGR,SYW,"AGR, SM, TJ",100-109
155,2025,Juneau,Medeia,9,M,Sublegal,98,108,19,19,20,19,20,20,,TJ,SYW,"AGR, SM, TJ",100-109
166,2017,Excursion,Medeia,,M,Sublegal,91,109,20,21,19,19,20,19,,,,,100-109
22,2017,Peril Strait,Medeia,,M,Sublegal,89,109,20,21,19,20,21,19,,,,,100-109
25,2025,Juneau,Medeia,4,M,Sublegal,94,109,17,18,19,17,20,18,,AGR,SYW,"AGR, SM, TJ",100-109
93,2025,Juneau,Medeia,7,M,Sublegal,93,109,17,17,18,19,18,19,,AGR,SYW,"AGR, SM, TJ",100-109
548,2025,St James Bay,Medeia,13,M,Sublegal,91,109,17,17,18,17,18,19,,,,,100-109
562,2025,St James Bay,Medeia,14,M,Sublegal,94,109,18,20,18,18,18,20,,,,,100-109
181,2017,St James Bay,Medeia,,M,Sublegal,94,110,19,20,20,20,21,20,,,,,110-119
11,2025,Juneau,Medeia,3,M,Sublegal,94,110,18,19,19,18,18,19,,AGR,SYW,"AGR, SM, TJ",110-119
48,2025,Juneau,Medeia,5,M,Sublegal,92,110,18,19,18,19,18,19,,AGR,SYW,"AGR, SM, TJ",110-119
119,2025,Juneau,Medeia,7,M,Sublegal,96,110,19,19,19,19,20,20,,AGR,SYW,"AGR, SM, TJ",110-119
150,2025,Juneau,Medeia,9,M,Sublegal,93,110,18,18,19,18,18,18,,AGR,SYW,"AGR, SM, TJ",110-119
6,2025,Juneau,Medeia,3,M,Sublegal,105,111,18,18,19,19,20,20,,AGR,SYW,"AGR, SM, TJ",110-119
91,2025,Juneau,Medeia,6,M,Sublegal,92,111,18,17,18,18,18,18,,AGR,SYW,"AGR, SM, TJ",110-119
113,2025,Juneau,Medeia,7,M,Sublegal,92,111,18,19,19,18,20,20,,AGR,SYW,"AGR, SM, TJ",110-119
116,2025,Juneau,Medeia,7,M,Sublegal,92,111,17,18,18,16,17,18,,AGR,SYW,"AGR, SM, TJ",110-119
152,2025,Juneau,Medeia,9,M,Sublegal,100,111,19,20,20,19,19,19,,TJ,SYW,"AGR, SM, TJ",110-119
74,2025,Juneau,Medeia,6,M,Sublegal,96,112,19,19,19,19,18,20,,AGR,SYW,"AGR, SM, TJ",110-119
82,2025,Juneau,Medeia,6,M,Sublegal,96,112,18,18,18,18,18,19,,AGR,SYW,"AGR, SM, TJ",110-119
85,2025,Juneau,Medeia,6,M,Sublegal,95,112,19,18,18,19,19,19,,AGR,SYW,"AGR, SM, TJ",110-119
80,2025,Juneau,Medeia,6,M,Sublegal,95,113,18,18,19,18,19,19,,AGR,SYW,"AGR, SM, TJ",110-119
104,2025,Juneau,Medeia,7,M,Sublegal,97,113,19,19,20,18,19,20,,AGR,SYW,"AGR, SM, TJ",110-119
106,2025,Juneau,Medeia,7,M,Sublegal,96,113,18,18,19,18,18,18,,AGR,SYW,"AGR, SM, TJ",110-119
141,2025,Juneau,Medeia,9,M,Sublegal,97,113,18,19,19,19,19,19,,AGR,SYW,"AGR, SM, TJ",110-119
141,2017,Excursion,Medeia,,M,Sublegal,95,114,20,20,21,20,21,20,,,,,110-119
3,2025,Juneau,Medeia,3,M,Sublegal,96,114,18,18,18,18,18,19,,AGR,SYW,"AGR, SM, TJ",110-119
65,2025,Juneau,Medeia,6,M,Sublegal,102,114,19,20,20,20,20,20,,AGR,SYW,"AGR, SM, TJ",110-119
67,2025,Juneau,Medeia,6,M,Sublegal,95,114,19,19,19,19,19,19,,AGR,SYW,"AGR, SM, TJ",110-119
92,2025,Juneau,Medeia,6,M,Sublegal,96,114,17,19,17,17,19,19,,AGR,SYW,"AGR, SM, TJ",110-119
109,2025,Juneau,Medeia,7,M,Sublegal,97,114,19,18,19,18,19,19,,AGR,SYW,"AGR, SM, TJ",110-119
569,2025,St James Bay,Medeia,15,M,Sublegal,95,114,19,20,21,20,19,20,,,,,110-119
2,2025,Juneau,Medeia,3Trial,M,Sublegal,98,115,19,19,20,20,20,20,trial run (usable data though),AGR,AGR,"AGR, SM, TJ",110-119
58,2025,Juneau,Medeia,6,M,Sublegal,114,115,20,20,21,20,20,20,,AGR,SYW,"AGR, SM, TJ",110-119
77,2025,Juneau,Medeia,6,M,Sublegal,101,115,20,20,20,20,20,20,,AGR,SYW,"AGR, SM, TJ",110-119
153,2025,Juneau,Medeia,9,M,Sublegal,99,115,19,19,20,18,20,19,,TJ,SYW,"AGR, SM, TJ",110-119
165,2017,Excursion,Medeia,,M,Sublegal,100,116,21,22,21,22,21,21,,,,,110-119
30,2025,Juneau,Medeia,5,M,Sublegal,97,116,18,20,19,19,19,19,,AGR,SYW,"AGR, SM, TJ",110-119
87,2025,Juneau,Medeia,6,M,Sublegal,97,116,18,19,19,19,19,19,,AGR,SYW,"AGR, SM, TJ",110-119
96,2025,Juneau,Medeia,7,M,Sublegal,102,116,19,20,20,19,20,20,,AGR,SYW,"AGR, SM, TJ",110-119
105,2025,Juneau,Medeia,7,M,Sublegal,96,116,18,18,18,19,19,19,,AGR,SYW,"AGR, SM, TJ",110-119
112,2025,Juneau,Medeia,7,M,Sublegal,100,116,18,20,20,18,20,21,,AGR,SYW,"AGR, SM, TJ",110-119
553,2025,St James Bay,Medeia,13,M,Sublegal,97,116,19,20,20,19,19,20,,,,,110-119
18,2025,Juneau,Medeia,3,M,Sublegal,93,117,16,18,18,17,16,18,,AGR,SYW,"AGR, SM, TJ",110-119
78,2025,Juneau,Medeia,6,M,Sublegal,99,117,19,19,20,19,20,20,,AGR,SYW,"AGR, SM, TJ",110-119
115,2025,Juneau,Medeia,7,M,Sublegal,99,117,18,19,20,19,19,20,,AGR,SYW,"AGR, SM, TJ",110-119
120,2025,Juneau,Medeia,7,M,Sublegal,90,117,17,17,18,17,18,18,,AGR,SYW,"AGR, SM, TJ",110-119
121,2025,Juneau,Medeia,7,M,Sublegal,92,117,18,18,19,18,19,19,,AGR,SYW,"AGR, SM, TJ",110-119
122,2025,Juneau,Medeia,7,M,Sublegal,97,117,18,18,19,18,20,21,,AGR,SYW,"AGR, SM, TJ",110-119
125,2025,Juneau,Medeia,7,M,Sublegal,97,117,18,17,19,19,18,20,,AGR,SYW,"AGR, SM, TJ",110-119
50,2025,Juneau,Medeia,5,M,Sublegal,101,118,19,19,20,18,19,20,,AGR,SYW,"AGR, SM, TJ",110-119
108,2025,Juneau,Medeia,7,M,Sublegal,96,118,17,18,18,18,19,20,,AGR,SYW,"AGR, SM, TJ",110-119
124,2025,Juneau,Medeia,7,M,Sublegal,99,118,18,19,18,19,18,20,L2 regenerated,AGR,SYW,"AGR, SM, TJ",110-119
83,2025,Juneau,Medeia,6,M,Sublegal,103,119,19,19,20,19,20,22,,AGR,SYW,"AGR, SM, TJ",110-119
98,2025,Juneau,Medeia,7,M,Sublegal,104,119,19,20,20,19,21,20,,AGR,SYW,"AGR, SM, TJ",110-119
107,2025,Juneau,Medeia,7,M,Sublegal,100,119,18,19,20,19,20,21,R1 regenerated,AGR,SYW,"AGR, SM, TJ",110-119
135,2025,Juneau,Medeia,9,M,Sublegal,101,119,19,20,20,20,20,21,,AGR,SYW,"AGR, SM, TJ",110-119
156,2025,Juneau,Medeia,9,M,Sublegal,103,119,20,20,21,20,20,21,,TJ,SYW,"AGR, SM, TJ",110-119
506,2025,St James Bay,Medeia,8,M,Sublegal,95,119,18,19,19,18,19,19,,,,,110-119
571,2025,St James Bay,Medeia,15,M,Sublegal,99,119,18,19,20,20,20,20,,,,,110-119
161,2017,Excursion,Medeia,,M,Sublegal,98,120,21,22,20,21,22,21,,,,,120-129
24,2025,Juneau,Medeia,4,M,Sublegal,103,120,20,20,20,20,20,20,,AGR,SYW,"AGR, SM, TJ",120-129
88,2025,Juneau,Medeia,6,M,Sublegal,104,120,20,20,20,21,21,21,,AGR,SYW,"AGR, SM, TJ",120-129
117,2025,Juneau,Medeia,7,M,Sublegal,101,120,19,19,20,20,21,19,L3 regenerated,AGR,SYW,"AGR, SM, TJ",120-129
131,2017,Excursion,Medeia,,M,Sublegal,99,121,22,23,21,22,23,21,,,,,120-129
13,2017,Peril Strait,Medeia,,M,Sublegal,101,121,22,24,22,22,23,22,,,,,120-129
13,2025,Juneau,Medeia,3,M,Sublegal,106,121,20,20,21,19,21,21,,AGR,SYW,"AGR, SM, TJ",120-129
16,2025,Juneau,Medeia,3,M,Sublegal,104,121,20,21,21,20,22,21,,AGR,SYW,"AGR, SM, TJ",120-129
90,2025,Juneau,Medeia,6,M,Sublegal,101,121,20,19,20,19,20,21,,AGR,SYW,"AGR, SM, TJ",120-129
173,2017,Excursion,Medeia,,M,Sublegal,103,122,22,23,22,22,23,23,,,,,120-129
12,2025,Juneau,Medeia,3,M,Sublegal,113,122,19,20,21,20,21,21,,AGR,SYW,"AGR, SM, TJ",120-129
53,2025,Juneau,Medeia,5,M,Sublegal,100,122,17,19,18,17,17,19,,AGR,SYW,"AGR, SM, TJ",120-129
73,2025,Juneau,Medeia,6,M,Sublegal,104,122,20,20,20,20,20,20,,AGR,SYW,"AGR, SM, TJ",120-129
118,2025,Juneau,Medeia,7,M,Sublegal,104,122,20,20,21,20,21,22,,AGR,SYW,"AGR, SM, TJ",120-129
123,2025,Juneau,Medeia,7,M,Sublegal,104,122,20,20,22,20,21,22,,AGR,SYW,"AGR, SM, TJ",120-129
44,2025,Juneau,Medeia,5,M,Sublegal,104,123,20,19,20,18,20,20,,AGR,SYW,"AGR, SM, TJ",120-129
60,2025,Juneau,Medeia,6,M,Sublegal,105,123,20,21,21,20,21,21,,AGR,SYW,"AGR, SM, TJ",120-129
101,2025,Juneau,Medeia,7,M,Sublegal,103,123,20,21,21,21,21,21,,AGR,SYW,"AGR, SM, TJ",120-129
133,2017,Excursion,Medeia,,M,Sublegal,103,124,21,22,21,22,23,22,,,,,120-129
22,2025,Juneau,Medeia,3,M,Sublegal,105,124,20,20,21,21,21,20,,AGR,SYW,"AGR, SM, TJ",120-129
32,2025,Juneau,Medeia,5,M,Sublegal,103,124,21,20,20,20,21,21,,AGR,SYW,"AGR, SM, TJ",120-129
41,2025,Juneau,Medeia,5,M,Sublegal,108,124,20,22,22,21,22,22,,AGR,SYW,"AGR, SM, TJ",120-129
46,2025,Juneau,Medeia,5,M,Sublegal,103,124,21,19,20,19,20,21,,AGR,SYW,"AGR, SM, TJ",120-129
86,2025,Juneau,Medeia,6,M,Sublegal,106,124,20,21,21,20,21,21,,AGR,SYW,"AGR, SM, TJ",120-129
158,2017,Excursion,Medeia,,M,Sublegal,101,125,22,23,22,22,23,22,,,,,120-129
187,2017,St James Bay,Medeia,,M,Sublegal,106,125,23,24,24,24,25,23,,,,,120-129
184,2017,St James Bay,Medeia,,M,Sublegal,107,125,24,25,24,25,26,24,,,,,120-129
7,2025,Juneau,Medeia,3,M,Sublegal,106,125,22,21,21,21,22,21,,AGR,SYW,"AGR, SM, TJ",120-129
79,2025,Juneau,Medeia,6,M,Sublegal,111,125,22,22,22,21,22,23,,AGR,SYW,"AGR, SM, TJ",120-129
652,2025,St James Bay,Medeia,16,M,Sublegal,105,125,20,22,22,19,22,22,"R1, L1 REGENERATED",Y,,,120-129
182,2017,St James Bay,Medeia,,M,Sublegal,104,126,23,24,22,23,24,22,,,,,120-129
20,2025,Juneau,Medeia,3,M,Sublegal,107,126,21,22,20,22,21,20,,AGR,SYW,"AGR, SM, TJ",120-129
76,2025,Juneau,Medeia,6,M,Sublegal,104,126,20,21,21,20,20,21,,AGR,SYW,"AGR, SM, TJ",120-129
97,2025,Juneau,Medeia,7,M,Sublegal,108,126,21,21,21,21,21,22,,AGR,SYW,"AGR, SM, TJ",120-129
640,2025,St James Bay,Medeia,13,M,Sublegal,104,126,20,20,21,20,20,22,,Y,,,120-129
121,2017,Excursion,Medeia,,M,Sublegal,105,127,24,24,24,24,25,25,,,,,120-129
5,2017,Peril Strait,Medeia,,M,Sublegal,103,127,24,24,24,24,24,24,,,,,120-129
179,2017,St James Bay,Medeia,,M,Sublegal,105,127,22,23,22,22,23,22,,,,,120-129
183,2017,St James Bay,Medeia,,M,Sublegal,109,127,23,25,24,24,24,24,,,,,120-129
38,2025,Juneau,Medeia,5,M,Sublegal,106,127,20,20,20,20,20,20,,AGR,SYW,"AGR, SM, TJ",120-129
556,2025,St James Bay,Medeia,13,M,Sublegal,103,127,21,21,21,20,20,21,,,,,120-129
176,2017,Excursion,Medeia,,M,Sublegal,108,128,23,24,24,23,24,23,,,,,120-129
40,2025,Juneau,Medeia,5,M,Sublegal,106,128,20,21,20,20,21,21,,AGR,SYW,"AGR, SM, TJ",120-129
158,2025,Juneau,Medeia,10,M,Sublegal,108,128,20,22,22,21,21,22,,TJ,SYW,"AGR, SM, TJ",120-129
568,2025,St James Bay,Medeia,15,M,Sublegal,107,128,22,22,22,22,22,23,,,,,120-129
144,2017,Excursion,Medeia,,M,Sublegal,106,129,22,23,22,22,21,22,,,,,120-129
170,2017,Excursion,Medeia,,M,Sublegal,107,129,23,24,23,23,24,25,,,,,120-129
25,2017,Peril Strait,Medeia,,M,Sublegal,105,129,24,24,23,23,24,23,,,,,120-129
191,2017,St James Bay,Medeia,,M,Sublegal,111,129,23,24,24,23,25,24,,,,,120-129
190,2017,St James Bay,Medeia,,M,Sublegal,107,129,24,24,23,24,25,23,,,,,120-129
186,2017,St James Bay,Medeia,,M,Sublegal,108,129,25,24,23,24,24,23,,,,,120-129
36,2025,Juneau,Medeia,5,M,Sublegal,112,129,22,23,24,22,23,24,,AGR,SYW,"AGR, SM, TJ",120-129
37,2025,Juneau,Medeia,5,M,Sublegal,105,129,19,21,20,20,21,21,,AGR,SYW,"AGR, SM, TJ",120-129
56,2025,Juneau,Medeia,5,M,Sublegal,104,129,19,21,21,19,20,22,,AGR,SYW,"AGR, SM, TJ",120-129
120,2017,Excursion,Medeia,,M,Sublegal,110,130,25,26,25,26,26,25,,,,,130-139
3,2017,Peril Strait,Medeia,,M,Sublegal,109,130,23,24,24,24,25,24,,,,,130-139
84,2025,Juneau,Medeia,6,M,Sublegal,106,130,20,21,22,20,21,21,,AGR,SYW,"AGR, SM, TJ",130-139
95,2025,Juneau,Medeia,7,M,Sublegal,108,130,21,22,21,21,23,23,,AGR,SYW,"AGR, SM, TJ",130-139
207,2025,Juneau,Medeia,13,M,Sublegal,113,130,22,22,22,22,22,23,,TJ,SYW,"AGR, SM, TJ",130-139
216,2025,Juneau,Medeia,14,M,Sublegal,111,130,23,22,24,21,23,24,,TJ,SYW,"AGR, SM, TJ",130-139
643,2025,St James Bay,Medeia,13,M,Sublegal,108,130,20,21,22,21,22,22,,Y,,,130-139
142,2017,Excursion,Medeia,,M,Sublegal,108,131,24,25,24,24,25,24,,,,,130-139
9,2025,Juneau,Medeia,3,M,Sublegal,109,131,21,21,21,21,22,21,,AGR,SYW,"AGR, SM, TJ",130-139
14,2025,Juneau,Medeia,3,M,Sublegal,109,131,21,22,22,22,22,21,,AGR,SYW,"AGR, SM, TJ",130-139
45,2025,Juneau,Medeia,5,M,Sublegal,110,131,22,22,22,22,23,24,,AGR,SYW,"AGR, SM, TJ",130-139
102,2025,Juneau,Medeia,7,M,Sublegal,111,131,21,22,22,22,22,22,,AGR,SYW,"AGR, SM, TJ",130-139
110,2025,Juneau,Medeia,7,M,Sublegal,109,131,21,21,21,21,21,21,,AGR,SYW,"AGR, SM, TJ",130-139
189,2025,Juneau,Medeia,13,M,Sublegal,111,131,22,23,23,22,24,23,,TJ,SYW,"AGR, SM, TJ",130-139
220,2025,Juneau,Medeia,14,M,Sublegal,109,131,22,21,22,22,23,22,,TJ,SYW,"AGR, SM, TJ",130-139
153,2017,Excursion,Medeia,,M,Sublegal,114,132,25,26,25,27,25,25,,,,,130-139
135,2017,Excursion,Medeia,,M,Sublegal,110,132,25,25,24,25,26,24,,,,,130-139
8,2017,Peril Strait,Medeia,,M,Sublegal,110,132,24,25,24,25,25,24,,,,,130-139
9,2017,Peril Strait,Medeia,,M,Sublegal,107,132,24,25,25,24,26,25,,,,,130-139
54,2025,Juneau,Medeia,5,M,Sublegal,110,132,20,21,23,22,23,23,,AGR,SYW,"AGR, SM, TJ",130-139
154,2025,Juneau,Medeia,9,M,Sublegal,113,132,21,21,22,21,22,23,,TJ,SYW,"AGR, SM, TJ",130-139
507,2025,St James Bay,Medeia,8,M,Sublegal,107,132,21,22,20,21,21,22,,,,,130-139
115,2017,Excursion,Medeia,,M,Sublegal,107,133,23,23,24,23,24,24,,,,,130-139
202,2025,Juneau,Medeia,13,M,Sublegal,113,133,23,23,23,23,23,24,,TJ,SYW,"AGR, SM, TJ",130-139
225,2025,Juneau,Medeia,14,M,Sublegal,110,133,22,22,23,21,23,22,,TJ,SYW,"AGR, SM, TJ",130-139
650,2025,St James Bay,Medeia,14,M,Sublegal,113,133,22,23,24,23,23,23,,Y,,,130-139
147,2017,Excursion,Medeia,,M,Sublegal,110,134,25,27,26,26,26,25,,,,,130-139
49,2025,Juneau,Medeia,5,M,Sublegal,119,134,23,24,25,24,25,26,,AGR,SYW,"AGR, SM, TJ",130-139
114,2025,Juneau,Medeia,7,M,Sublegal,112,134,21,22,22,21,22,22,,AGR,SYW,"AGR, SM, TJ",130-139
195,2025,Juneau,Medeia,13,M,Sublegal,112,134,22,22,23,23,23,23,,TJ,SYW,"AGR, SM, TJ",130-139
227,2025,Juneau,Medeia,14,M,Sublegal,114,134,22,24,23,22,23,24,,TJ,SYW,"AGR, SM, TJ",130-139
504,2025,St James Bay,Medeia,8,M,Sublegal,109,134,22,22,23,22,22,23,,,,,130-139
108,2017,Excursion,Medeia,,M,Sublegal,111,135,26,27,25,27,27,27,,,,,130-139
12,2017,Peril Strait,Medeia,,M,Sublegal,112,135,24,26,25,25,26,24,,,,,130-139
51,2025,Juneau,Medeia,5,M,Sublegal,112,135,22,20,24,23,23,23,regenerated right leg,AGR,SYW,"AGR, SM, TJ",130-139
69,2025,Juneau,Medeia,6,M,Sublegal,116,135,22,23,22,22,23,23,,AGR,SYW,"AGR, SM, TJ",130-139
111,2025,Juneau,Medeia,7,M,Sublegal,108,135,21,21,21,21,21,22,,AGR,SYW,"AGR, SM, TJ",130-139
175,2025,Juneau,Medeia,11,M,Sublegal,114,135,21,23,23,24,23,24,leg missing,TJ,SYW,"AGR, SM, TJ",130-139
508,2025,St James Bay,Medeia,8,M,Sublegal,107,135,22,22,23,22,22,23,,,,,130-139
552,2025,St James Bay,Medeia,13,M,Sublegal,114,135,22,23,24,23,22,23,,,,,130-139
555,2025,St James Bay,Medeia,13,M,Sublegal,110,135,22,23,23,21,23,23,,,,,130-139
636,2025,St James Bay,Medeia,10,M,Sublegal,116,135,23,22,24,23,24,23,,Y,,,130-139
177,2017,Excursion,Medeia,,M,Sublegal,113,136,24,25,25,26,27,25,,,,,130-139
226,2025,Juneau,Medeia,14,M,Sublegal,118,136,23,24,24,24,23,24,,TJ,SYW,"AGR, SM, TJ",130-139
168,2017,Excursion,Medeia,,M,Sublegal,113,137,24,26,25,25,26,25,,,,,130-139
101,2017,Excursion,Medeia,,M,Sublegal,110,137,25,25,23,24,26,25,,,,,130-139
125,2017,Excursion,Medeia,,M,Sublegal,115,137,26,26,26,25,26,25,,,,,130-139
179,2025,Juneau,Medeia,11,M,Sublegal,118,137,23,23,24,23,24,24,,TJ,SYW,"AGR, SM, TJ",130-139
192,2025,Juneau,Medeia,13,M,Sublegal,118,137,24,24,24,24,24,25,,TJ,SYW,"AGR, SM, TJ",130-139
130,2017,Excursion,Medeia,,M,Sublegal,111,138,24,25,24,24,26,24,,,,,130-139
171,2017,Excursion,Medeia,,M,Sublegal,112,138,25,25,25,25,26,25,,,,,130-139
167,2017,Excursion,Medeia,,M,Sublegal,116,138,25,26,25,26,26,25,,,,,130-139
28,2017,Peril Strait,Medeia,,M,Sublegal,116,138,26,26,25,25,27,26,,,,,130-139
1,2017,Peril Strait,Medeia,,M,Sublegal,114,138,26,26,26,25,26,26,,,,,130-139
23,2025,Juneau,Medeia,4,M,Sublegal,120,138,23,24,24,24,23,24,,AGR,SYW,"AGR, SM, TJ",130-139
201,2025,Juneau,Medeia,13,M,Sublegal,114,138,23,23,25,22,24,24,,TJ,SYW,"AGR, SM, TJ",130-139
468,2025,St James Bay,Medeia,2,M,Sublegal,118,138,23,22,24,23,23,24,R2 REGENERATED,,,,130-139
496,2025,St James Bay,Medeia,8,M,Sublegal,113,138,23,25,25,23,24,27,L2 REGENERATED,,,,130-139
157,2017,Excursion,Medeia,,M,Sublegal,116,139,26,27,26,26,28,26,,,,,130-139
150,2017,Excursion,Medeia,,M,Sublegal,116,139,27,27,26,26,28,26,,,,,130-139
204,2025,Juneau,Medeia,13,M,Sublegal,119,139,24,24,25,24,26,26,,TJ,SYW,"AGR, SM, TJ",130-139
213,2025,Juneau,Medeia,14,M,Sublegal,121,139,24,25,24,24,24,25,,TJ,SYW,"AGR, SM, TJ",130-139
575,2025,St James Bay,Medeia,4,M,Sublegal,111,139,22,22,25,22,23,24,L1 REGENERATED,,,,130-139
119,2017,Excursion,Medeia,,M,Sublegal,115,140,24,25,24,24,26,25,,,,,140-149
72,2025,Juneau,Medeia,6,M,Sublegal,121,140,24,25,25,24,25,24,,AGR,SYW,"AGR, SM, TJ",140-149
182,2025,Juneau,Medeia,11,M,Sublegal,122,140,25,24,25,25,25,25,,TJ,SYW,"AGR, SM, TJ",140-149
198,2025,Juneau,Medeia,13,M,Sublegal,117,140,22,23,23,22,23,24,,TJ,SYW,"AGR, SM, TJ",140-149
224,2025,Juneau,Medeia,14,M,Sublegal,117,140,22,24,24,24,24,25,R1 REGENERATED,TJ,SYW,"AGR, SM, TJ",140-149
626,2025,St James Bay,Medeia,8,M,Sublegal,113,140,22,24,24,23,24,24,R1 REGENERATED,Y,,,140-149
651,2025,St James Bay,Medeia,14,M,Sublegal,120,140,23,24,25,24,24,25,,Y,,,140-149
88,2017,Excursion,Medeia,,M,Sublegal,112,141,26,27,26,25,27,25,,,,,140-149
94,2017,Excursion,Medeia,,M,Sublegal,119,141,29,29,29,29,26,28,,,,,140-149
4,2025,Juneau,Medeia,3,M,Sublegal,121,141,24,24,23,22,23,23,,AGR,SYW,"AGR, SM, TJ",140-149
190,2025,Juneau,Medeia,13,M,Sublegal,119,141,24,25,24,24,25,26,R3 MISSING LEG,TJ,SYW,"AGR, SM, TJ",140-149
445,2025,St James Bay,Medeia,2,M,Sublegal,114,141,21,22,23,22,24,24,R1 REGENERATED,,,,140-149
632,2025,St James Bay,Medeia,9,M,Sublegal,120,141,24,24,23,24,24,22,,Y,,,140-149
105,2017,Excursion,Medeia,,M,Sublegal,117,142,26,27,26,27,28,26,,,,,140-149
57,2017,Excursion,Medeia,,M,Sublegal,116,142,26,27,26,26,26,26,,,,,140-149
64,2025,Juneau,Medeia,6,M,Sublegal,120,142,23,25,26,26,26,26,,AGR,SYW,"AGR, SM, TJ",140-149
181,2025,Juneau,Medeia,11,M,Sublegal,120,142,24,24,25,25,25,25,,TJ,SYW,"AGR, SM, TJ",140-149
218,2025,Juneau,Medeia,14,M,Sublegal,121,142,26,26,26,26,27,25,,TJ,SYW,"AGR, SM, TJ",140-149
231,2025,Juneau,Medeia,14,M,Sublegal,118,142,24,26,26,24,26,26,,TJ,SYW,"AGR, SM, TJ",140-149
244,2025,Juneau,Medeia,15,M,Sublegal,116,142,24,26,25,24,25,25,,TJ,SYW,"AGR, SM, TJ",140-149
98,2017,Excursion,Medeia,,M,Sublegal,115,143,26,28,26,26,27,25,,,,,140-149
132,2017,Excursion,Medeia,,M,Sublegal,124,143,28,29,28,28,27,28,,,,,140-149
194,2025,Juneau,Medeia,13,M,Sublegal,124,143,24,24,25,24,24,26,,TJ,SYW,"AGR, SM, TJ",140-149
250,2025,Juneau,Medeia,15,M,Sublegal,121,143,24,25,25,23,25,26,,TJ,SYW,"AGR, SM, TJ",140-149
422,2025,St James Bay,Medeia,6,M,Sublegal,129,143,25,28,28,29,28,26,,,,,140-149
117,2017,Excursion,Medeia,,M,Sublegal,121,144,27,27,26,27,28,28,,,,,140-149
6,2017,Peril Strait,Medeia,,M,Sublegal,117,144,26,26,26,27,27,26,,,,,140-149
57,2025,Juneau,Medeia,6,M,Sublegal,120,144,24,24,25,24,25,25,,AGR,SYW,"AGR, SM, TJ",140-149
197,2025,Juneau,Medeia,13,M,Sublegal,121,144,25,26,25,25,25,26,,TJ,SYW,"AGR, SM, TJ",140-149
199,2025,Juneau,Medeia,13,M,Sublegal,121,144,24,25,25,25,26,26,,TJ,SYW,"AGR, SM, TJ",140-149
208,2025,Juneau,Medeia,13,M,Sublegal,119,144,24,26,25,23,24,24,,TJ,SYW,"AGR, SM, TJ",140-149
223,2025,Juneau,Medeia,14,M,Sublegal,121,144,24,26,26,24,26,26,,TJ,SYW,"AGR, SM, TJ",140-149
243,2025,Juneau,Medeia,15,M,Sublegal,124,144,23,24,24,24,24,25,L1 REGENERATED,TJ,SYW,"AGR, SM, TJ",140-149
406,2025,St James Bay,Medeia,5,M,Sublegal,123,144,25,26,26,25,25,26,,,,,140-149
425,2025,St James Bay,Medeia,6,M,Sublegal,128,144,26,26,27,27,26,27,,,,,140-149
541,2025,St James Bay,Medeia,11,M,Sublegal,118,144,24,24,25,23,24,24,L3 REGENERATED,,,,140-149
618,2025,St James Bay,Medeia,5,M,Sublegal,123,144,24,25,27,23,25,26,,Y,,,140-149
63,2017,Excursion,Medeia,,M,Sublegal,119,145,25,27,26,25,27,25,,,,,140-149
64,2017,Excursion,Medeia,,M,Sublegal,119,145,27,27,26,26,28,27,,,,,140-149
102,2017,Excursion,Medeia,,M,Sublegal,119,145,27,28,26,27,28,26,,,,,140-149
11,2017,Peril Strait,Medeia,,M,Sublegal,120,145,28,29,28,28,30,28,,,,,140-149
66,2025,Juneau,Medeia,6,M,Sublegal,130,145,25,26,27,26,26,29,,AGR,SYW,"AGR, SM, TJ",140-149
151,2025,Juneau,Medeia,9,M,Sublegal,121,145,24,26,26,25,25,27,,TJ,SYW,"AGR, SM, TJ",140-149
205,2025,Juneau,Medeia,13,M,Sublegal,121,145,24,24,25,24,25,24,,TJ,SYW,"AGR, SM, TJ",140-149
487,2025,St James Bay,Medeia,8,M,Sublegal,119,145,26,27,26,25,25,25,,,,,140-149
84,2017,Excursion,Medeia,,M,Sublegal,124,146,27,28,26,27,28,29,,,,,140-149
24,2017,Peril Strait,Medeia,,M,Sublegal,118,146,26,28,26,26,28,26,,,,,140-149
246,2025,Juneau,Medeia,15,M,Sublegal,121,146,23,24,24,23,24,24,,TJ,SYW,"AGR, SM, TJ",140-149
248,2025,Juneau,Medeia,15,M,Sublegal,124,146,25,26,25,24,24,26,,TJ,SYW,"AGR, SM, TJ",140-149
546,2025,St James Bay,Medeia,12,M,Sublegal,123,146,24,27,27,26,24,26,,,,,140-149
574,2025,St James Bay,Medeia,4,M,Sublegal,126,146,25,26,26,25,25,26,,,,,140-149
110,2017,Excursion,Medeia,,M,Sublegal,124,147,27,28,26,27,28,27,,,,,140-149
114,2017,Excursion,Medeia,,M,Sublegal,124,147,28,29,28,28,30,28,,,,,140-149
203,2025,Juneau,Medeia,13,M,Sublegal,122,147,26,26,26,24,26,26,,TJ,SYW,"AGR, SM, TJ",140-149
551,2025,St James Bay,Medeia,13,M,Sublegal,120,147,26,27,26,24,26,26,,,,,140-149
73,2017,Excursion,Medeia,,M,Sublegal,125,148,26,27,27,27,28,27,,,,,140-149
254,2025,Juneau,Medeia,4,M,Sublegal,132,148,27,27,27,27,27,27,,,SYW,"AGR, SM",140-149
482,2025,St James Bay,Medeia,2,M,Sublegal,125,148,25,26,27,24,26,26,,,,,140-149
537,2025,St James Bay,Medeia,11,M,Sublegal,125,148,26,27,28,27,26,27,,,,,140-149
549,2025,St James Bay,Medeia,13,M,Sublegal,124,148,26,27,26,25,27,27,,,,,140-149
644,2025,St James Bay,Medeia,13,M,Sublegal,125,148,25,26,26,25,25,26,,Y,,,140-149
139,2017,Excursion,Medeia,,M,Sublegal,121,149,26,28,27,27,29,28,,,,,140-149
191,2025,Juneau,Medeia,13,M,Sublegal,134,149,27,28,27,26,28,27,,TJ,SYW,"AGR, SM, TJ",140-149
196,2025,Juneau,Medeia,13,M,Sublegal,126,149,25,27,27,25,27,26,,TJ,SYW,"AGR, SM, TJ",140-149
209,2025,Juneau,Medeia,13,M,Sublegal,127,149,24,25,25,25,26,25,,TJ,SYW,"AGR, SM, TJ",140-149
241,2025,Juneau,Medeia,15,M,Sublegal,124,149,25,26,25,25,25,25,,TJ,SYW,"AGR, SM, TJ",140-149
540,2025,St James Bay,Medeia,11,M,Sublegal,125,149,26,27,26,24,25,26,,,,,140-149
630,2025,St James Bay,Medeia,8,M,Sublegal,123,149,25,25,26,24,23,26,L2 MISSING,Y,,,140-149
65,2017,Excursion,Medeia,,M,Sublegal,124,150,27,28,27,27,28,27,,,,,150-159
112,2017,Excursion,Medeia,,M,Sublegal,126,150,27,29,28,30,30,28,,,,,150-159
83,2017,Excursion,Medeia,,M,Sublegal,122,150,27,27,26,27,27,27,,,,,150-159
228,2025,Juneau,Medeia,14,M,Sublegal,123,150,24,24,23,25,25,26,,TJ,SYW,"AGR, SM, TJ",150-159
275,2025,Juneau,Medeia,4,M,Sublegal,127,150,27,28,28,27,27,28,,,SYW,"AGR, SM, CS SYW",150-159
489,2025,St James Bay,Medeia,8,M,Sublegal,122,150,27,26,26,26,27,27,,,,,150-159
513,2025,St James Bay,Medeia,9,M,Sublegal,129,150,22,23,27,23,24,25,,,,,150-159
538,2025,St James Bay,Medeia,11,M,Sublegal,124,150,27,27,27,26,27,27,,,,,150-159
547,2025,St James Bay,Medeia,12,M,Sublegal,123,150,26,26,25,25,26,26,,,,,150-159
81,2017,Excursion,Medeia,,M,Sublegal,124,151,28,29,28,29,29,29,,,,,150-159
29,2017,Peril Strait,Medeia,,M,Sublegal,126,151,29,30,29,30,31,28,,,,,150-159
5,2025,Juneau,Medeia,3,M,Sublegal,128,151,27,28,28,26,28,26,,AGR,SYW,"AGR, SM, TJ",150-159
29,2025,Juneau,Medeia,5,M,Sublegal,129,151,25,27,27,25,28,28,,AGR,SYW,"AGR, SM, TJ",150-159
161,2025,Juneau,Medeia,10,M,Sublegal,129,151,26,28,27,26,28,29,,TJ,SYW,"AGR, SM, TJ",150-159
242,2025,Juneau,Medeia,15,M,Sublegal,124,151,26,27,27,24,26,26,,TJ,SYW,"AGR, SM, TJ",150-159
247,2025,Juneau,Medeia,15,M,Sublegal,126,151,26,26,24,25,26,27,L1+L3 REGENERATED,TJ,SYW,"AGR, SM, TJ",150-159
274,2025,Juneau,Medeia,4,M,Sublegal,129,151,26,26,27,26,24,26,,,SYW,"AGR, SM",150-159
276,2025,Juneau,Medeia,4,M,Sublegal,129,151,27,27,28,27,26,27,,,"SYW, AGR","AGR, SM, CS SYW",150-159
502,2025,St James Bay,Medeia,8,M,Sublegal,127,151,24,27,25,24,25,25,"R1, L2 REGENERATED",,,,150-159
300,2025,Juneau,Medeia,3,M,Sublegal,126,152,24,25,26,25,27,27,,,"SYW, AGR","AGR, SM, CS SYW",150-159
331,2025,Juneau,Medeia,14,M,Sublegal,134,152,26,27,28,27,29,28,,,"SYW, AGR","AGR, SM, CS SYW",150-159
431,2025,St James Bay,Medeia,6,M,Sublegal,129,152,27,28,28,25,28,28,,,,,150-159
448,2025,St James Bay,Medeia,2,M,Sublegal,133,152,28,27,27,27,29,28,R3 REGENERATED,,,,150-159
501,2025,St James Bay,Medeia,8,M,Sublegal,122,152,24,26,27,24,25,26,,,,,150-159
539,2025,St James Bay,Medeia,11,M,Sublegal,129,152,26,27,27,26,27,27,,,,,150-159
89,2017,Excursion,Medeia,,M,Sublegal,127,153,29,30,28,28,30,28,,,,,150-159
124,2017,Excursion,Medeia,,M,Sublegal,128,153,29,30,28,28,30,30,,,,,150-159
10,2017,Peril Strait,Medeia,,M,Sublegal,129,153,28,30,28,28,31,29,,,,,150-159
70,2025,Juneau,Medeia,6,M,Sublegal,132,153,27,29,27,27,26,29,,AGR,SYW,"AGR, SM, TJ",150-159
206,2025,Juneau,Medeia,13,M,Sublegal,130,153,26,27,27,26,26,28,,TJ,SYW,"AGR, SM, TJ",150-159
210,2025,Juneau,Medeia,13,M,Sublegal,129,153,27,28,27,26,28,28,R3 NO LEG,TJ,SYW,"AGR, SM, TJ",150-159
433,2025,St James Bay,Medeia,2,M,Sublegal,137,153,28,29,28,27,28,29,L2 MISSING,,,,150-159
467,2025,St James Bay,Medeia,2,M,Sublegal,128,153,27,25,28,24,24,25,,,,,150-159
477,2025,St James Bay,Medeia,2,M,Sublegal,126,153,26,27,26,26,27,28,,,,,150-159
503,2025,St James Bay,Medeia,8,M,Sublegal,126,153,26,26,26,26,25,27,,,,,150-159
570,2025,St James Bay,Medeia,15,M,Sublegal,124,153,26,26,26,25,25,26,,,,,150-159
50,2017,Excursion,Medeia,,M,Sublegal,127,154,25,29,28,29,30,30,,,,,150-159
46,2017,Excursion,Medeia,,M,Sublegal,129,154,29,31,30,29,30,30,,,,,150-159
109,2017,Excursion,Medeia,,M,Sublegal,124,154,30,31,30,30,32,30,,,,,150-159
31,2025,Juneau,Medeia,5,M,Sublegal,130,154,27,26,28,26,26,24,,AGR,SYW,"AGR, SM, TJ",150-159
239,2025,Juneau,Medeia,15,M,Sublegal,128,154,27,26,26,27,25,27,,TJ,SYW,"AGR, SM, TJ",150-159
466,2025,St James Bay,Medeia,2,M,Sublegal,130,154,25,27,26,28,28,28,R3 REGENERATED,,,,150-159
495,2025,St James Bay,Medeia,8,M,Sublegal,127,154,26,27,28,24,25,27,,,,,150-159
172,2017,Excursion,Medeia,,M,Sublegal,123,155,27,28,27,28,30,28,,,,,150-159
96,2017,Excursion,Medeia,,M,Sublegal,124,155,28,29,28,28,30,27,,,,,150-159
48,2017,Excursion,Medeia,,M,Sublegal,129,155,28,30,29,27,30,30,,,,,150-159
193,2017,St James Bay,Medeia,,M,Sublegal,126,155,29,30,28,29,30,28,,,,,150-159
61,2025,Juneau,Medeia,6,M,Sublegal,126,155,27,28,27,26,28,28,,AGR,SYW,"AGR, SM, TJ",150-159
221,2025,Juneau,Medeia,14,M,Sublegal,134,155,27,27,28,27,27,28,,TJ,SYW,"AGR, SM, TJ",150-159
229,2025,Juneau,Medeia,14,M,Sublegal,134,155,26,27,27,27,27,28,,TJ,SYW,"AGR, SM, TJ",150-159
270,2025,Juneau,Medeia,4,M,Sublegal,133,155,26,28,30,28,28,31,,,SYW,"AGR, SM",150-159
297,2025,Juneau,Medeia,3,M,Sublegal,137,155,28,28,28,28,29,30,,,"SYW, AGR","AGR, SM, CS SYW",150-159
419,2025,St James Bay,Medeia,5,M,Sublegal,139,155,30,30,33,28,32,33,,,,,150-159
488,2025,St James Bay,Medeia,8,M,Sublegal,128,155,27,28,27,27,27,28,,,,,150-159
61,2017,Excursion,Medeia,,M,Sublegal,130,156,29,30,28,30,31,28,,,,,150-159
160,2017,Excursion,Medeia,,M,Sublegal,130,156,30,30,28,28,30,28,,,,,150-159
97,2017,Excursion,Medeia,,M,Sublegal,132,156,31,32,30,30,31,30,,,,,150-159
33,2025,Juneau,Medeia,5,M,Sublegal,129,156,27,27,27,26,25,26,r2 missing leg,AGR,SYW,"AGR, SM, TJ",150-159
138,2025,Juneau,Medeia,9,M,Sublegal,137,156,27,29,28,28,29,31,,AGR,SYW,"AGR, SM, TJ",150-159
170,2025,Juneau,Medeia,11,M,Sublegal,134,156,28,28,28,28,28,28,,TJ,SYW,"AGR, SM, TJ",150-159
219,2025,Juneau,Medeia,14,M,Sublegal,134,156,28,28,29,28,28,29,,TJ,SYW,"AGR, SM, TJ",150-159
453,2025,St James Bay,Medeia,2,M,Sublegal,127,156,27,28,28,27,27,28,L1 REGENERATED,,,,150-159
497,2025,St James Bay,Medeia,8,M,Sublegal,128,156,26,26,26,26,27,27,,,,,150-159
534,2025,St James Bay,Medeia,11,M,Sublegal,131,156,26,27,28,26,27,28,,,,,150-159
542,2025,St James Bay,Medeia,12,M,Sublegal,133,156,25,27,27,27,27,27,,,,,150-159
192,2017,St James Bay,Medeia,,M,Sublegal,130,157,28,28,28,27,29,28,,,,,150-159
441,2025,St James Bay,Medeia,2,M,Sublegal,140,157,28,30,30,28,30,30,,,,,150-159
518,2025,St James Bay,Medeia,10,M,Sublegal,135,157,27,28,29,29,28,29,,,,,150-159
523,2025,St James Bay,Medeia,10,M,Sublegal,129,157,27,28,28,28,27,28,,,,,150-159
525,2025,St James Bay,Medeia,11,M,Sublegal,126,157,26,25,25,25,26,26,,,,,150-159
573,2025,St James Bay,Medeia,3,M,Sublegal,132,157,28,27,26,29,30,29,R3 REGENERATED,,,,150-159
99,2017,Excursion,Medeia,,M,Sublegal,122,158,26,28,27,27,28,27,,,,,150-159
195,2017,St James Bay,Medeia,,M,Sublegal,129,158,29,30,28,28,29,28,,,,,150-159
42,2025,Juneau,Medeia,5,M,Sublegal,129,158,25,26,27,26,24,27,,AGR,SYW,"AGR, SM, TJ",150-159
303,2025,Juneau,Medeia,3,M,Sublegal,129,158,27,28,29,27,28,28,,,"SYW, AGR","AGR, SM, CS SYW",150-159
388,2025,St James Bay,Medeia,5,M,Sublegal,134,158,28,29,29,28,29,29,,,,,150-159
428,2025,St James Bay,Medeia,6,M,Sublegal,134,158,28,30,30,27,30,36,,,,,150-159
500,2025,St James Bay,Medeia,8,M,Sublegal,128,158,27,27,27,27,28,28,,,,,150-159
511,2025,St James Bay,Medeia,9,M,Sublegal,131,158,28,29,29,28,29,28,,,,,150-159
175,2017,Excursion,Medeia,,M,Sublegal,128,159,28,29,28,29,30,29,,,,,150-159
55,2017,Excursion,Medeia,,M,Sublegal,130,159,29,30,29,27,30,27,,,,,150-159
143,2017,Excursion,Medeia,,M,Sublegal,135,159,30,32,31,30,31,31,,,,,150-159
268,2025,Juneau,Medeia,4,M,Sublegal,142,159,30,30,30,29,31,31,,,SYW,"AGR, SM",150-159
298,2025,Juneau,Medeia,3,M,Sublegal,134,159,27,27,27,27,28,28,,,"SYW, AGR","AGR, SM, CS SYW",150-159
302,2025,Juneau,Medeia,3,M,Sublegal,134,159,27,28,28,27,28,28,,,"SYW, AGR","AGR, SM, CS SYW",150-159
408,2025,St James Bay,Medeia,5,M,Sublegal,134,159,24,29,29,27,28,28,,,,,150-159
475,2025,St James Bay,Medeia,2,M,Sublegal,133,159,29,29,28,28,29,29,,,,,150-159
499,2025,St James Bay,Medeia,8,M,Sublegal,134,159,28,26,25,28,28,29,R3 REGENERATED,,,,150-159
524,2025,St James Bay,Medeia,10,M,Sublegal,134,159,27,29,29,28,27,28,,,,,150-159
116,2017,Excursion,Medeia,,M,Sublegal,133,160,30,31,29,29,30,31,,,,,160-169
145,2025,Juneau,Medeia,9,M,Sublegal,102,160,19,19,20,20,20,20,,AGR,SYW,"AGR, SM, TJ",160-169
249,2025,Juneau,Medeia,15,M,Sublegal,140,160,28,28,29,29,28,29,,TJ,SYW,"AGR, SM, TJ",160-169
312,2025,Juneau,Medeia,15,M,Sublegal,134,160,27,29,28,27,27,28,,,"SYW, AGR","AGR, SM, CS SYW",160-169
389,2025,St James Bay,Medeia,5,M,Sublegal,134,160,27,28,28,26,27,28,,,,,160-169
427,2025,St James Bay,Medeia,6,M,Sublegal,134,160,27,27,28,27,28,27,,,,,160-169
461,2025,St James Bay,Medeia,2,M,Sublegal,135,160,27,28,28,27,29,27,,,,,160-169
505,2025,St James Bay,Medeia,8,M,Sublegal,134,160,26,27,29,27,27,28,R2 REGENERATED,,,,160-169
522,2025,St James Bay,Medeia,10,M,Sublegal,132,160,27,28,28,27,28,28,,,,,160-169
122,2017,Excursion,Medeia,,M,Sublegal,129,161,30,29,27,29,30,29,,,,,160-169
79,2017,Excursion,Medeia,,M,Sublegal,137,161,31,33,32,31,32,32,,,,,160-169
62,2025,Juneau,Medeia,6,M,Sublegal,135,161,28,27,28,28,30,29,,AGR,SYW,"AGR, SM, TJ",160-169
464,2025,St James Bay,Medeia,2,M,Sublegal,137,161,27,28,29,28,28,29,,,,,160-169
490,2025,St James Bay,Medeia,8,M,Sublegal,137,161,29,30,29,29,30,30,,,,,160-169
56,2017,Excursion,Medeia,,M,Sublegal,136,162,29,31,30,31,32,30,,,,,160-169
128,2017,Excursion,Medeia,,M,Sublegal,134,162,30,30,29,29,31,29,,,,,160-169
47,2017,Excursion,Medeia,,M,Sublegal,140,162,30,34,30,31,32,31,,,,,160-169
62,2017,Excursion,Medeia,,M,Sublegal,129,162,30,31,29,31,32,31,,,,,160-169
130,2025,Juneau,Medeia,9,M,Sublegal,138,162,30,29,29,30,30,29,,AGR,SYW,"AGR, SM, TJ",160-169
265,2025,Juneau,Medeia,4,M,Sublegal,140,162,31,30,30,32,32,32,,,SYW,"AGR, SM",160-169
267,2025,Juneau,Medeia,4,M,Sublegal,139,162,29,29,29,29,31,27,L3 REGENERATED,,SYW,"AGR, SM",160-169
271,2025,Juneau,Medeia,4,M,Sublegal,141,162,28,28,28,27,28,29,,,SYW,"AGR, SM",160-169
279,2025,Juneau,Medeia,3,M,Sublegal,143,162,27,29,30,28,30,30,,,"SYW, AGR","AGR, SM, CS SYW",160-169
286,2025,Juneau,Medeia,3,M,Sublegal,137,162,28,28,30,27,30,30,,,"SYW, AGR","AGR, SM, CS SYW",160-169
299,2025,Juneau,Medeia,3,M,Sublegal,135,162,27,29,29,28,27,29,,,"SYW, AGR","AGR, SM, CS SYW",160-169
393,2025,St James Bay,Medeia,5,M,Sublegal,143,162,29,30,29,30,31,32,SHELL INJURY,,,,160-169
404,2025,St James Bay,Medeia,5,M,Sublegal,144,162,29,30,31,29,30,31,,,,,160-169
169,2017,Excursion,Medeia,,M,Sublegal,132,163,31,32,31,31,32,31,,,,,160-169
51,2017,Excursion,Medeia,,M,Sublegal,140,163,31,33,32,31,31,32,,,,,160-169
410,2025,St James Bay,Medeia,5,M,Sublegal,136,163,27,28,30,27,28,29,,,,,160-169
416,2025,St James Bay,Medeia,5,M,Sublegal,136,163,29,30,31,29,30,30,,,,,160-169
434,2025,St James Bay,Medeia,2,M,Sublegal,133,163,28,29,29,28,29,29,,,,,160-169
446,2025,St James Bay,Medeia,2,M,Sublegal,134,163,27,30,39,28,28,30,,,,,160-169
463,2025,St James Bay,Medeia,2,M,Sublegal,133,163,27,27,28,26,27,28,,,,,160-169
66,2017,Excursion,Medeia,,M,Sublegal,133,164,31,32,31,31,31,31,,,,,160-169
82,2017,Excursion,Medeia,,M,Sublegal,137,164,31,31,30,31,32,33,,,,,160-169
68,2025,Juneau,Medeia,6,M,Sublegal,136,164,29,29,30,30,30,29,L3 regenerated,AGR,SYW,"AGR, SM, TJ",160-169
289,2025,Juneau,Medeia,3,M,Sublegal,140,164,27,30,29,28,30,30,,,"SYW, AGR","AGR, SM, CS SYW",160-169
296,2025,Juneau,Medeia,3,M,Sublegal,139,164,28,29,29,28,29,30,,,"SYW, AGR","AGR, SM, CS SYW",160-169
301,2025,Juneau,Medeia,3,M,Sublegal,142,164,30,30,30,30,30,30,,,"SYW, AGR","AGR, SM, CS SYW",160-169
400,2025,St James Bay,Medeia,5,M,Sublegal,144,164,30,30,32,31,31,33,,,,,160-169
407,2025,St James Bay,Medeia,5,M,Sublegal,142,164,29,31,31,28,30,31,,,,,160-169
412,2025,St James Bay,Medeia,5,M,Sublegal,138,164,29,30,31,30,30,31,,,,,160-169
474,2025,St James Bay,Medeia,2,M,Sublegal,136,164,26,28,28,27,28,28,,,,,160-169
478,2025,St James Bay,Medeia,2,M,Sublegal,132,164,28,29,30,28,29,30,,,,,160-169
140,2017,Excursion,Medeia,,M,Sublegal,139,165,31,33,32,33,34,31,,,,,160-169
402,2025,St James Bay,Medeia,5,M,Sublegal,139,165,29,30,31,29,30,30,,,,,160-169
424,2025,St James Bay,Medeia,6,M,Sublegal,136,165,27,29,29,27,27,29,,,,,160-169
438,2025,St James Bay,Medeia,2,M,Sublegal,134,165,27,28,28,26,27,27,,,,,160-169
483,2025,St James Bay,Medeia,2,M,Sublegal,136,165,28,28,30,28,28,30,,,,,160-169
178,2017,Excursion,Medeia,,M,Sublegal,140,166,29,32,31,32,33,32,,,,,160-169
49,2017,Excursion,Medeia,,M,Sublegal,138,166,31,31,31,31,33,31,,,,,160-169
240,2025,Juneau,Medeia,15,M,Sublegal,142,166,29,29,29,30,30,30,,TJ,SYW,"AGR, SM, TJ",160-169
54,2017,Excursion,Medeia,,M,Sublegal,136,167,30,31,30,28,31,30,,,,,160-169
148,2017,Excursion,Medeia,,M,Sublegal,140,167,32,31,32,31,33,32,,,,,160-169
151,2017,Excursion,Medeia,,M,Sublegal,140,167,32,33,32,32,33,31,,,,,160-169
34,2025,Juneau,Medeia,5,M,Sublegal,146,167,30,30,30,30,29,29,,AGR,SYW,"AGR, SM, TJ",160-169
94,2025,Juneau,Medeia,7,M,Sublegal,142,167,29,30,30,29,30,30,,AGR,SYW,"AGR, SM, TJ",160-169
99,2025,Juneau,Medeia,7,M,Sublegal,140,167,30,31,31,29,31,30,,AGR,SYW,"AGR, SM, TJ",160-169
103,2025,Juneau,Medeia,7,M,Sublegal,140,167,27,28,28,26,26,30,L1 + L2 regenerated,AGR,SYW,"AGR, SM, TJ",160-169
215,2025,Juneau,Medeia,14,M,Sublegal,140,167,29,32,31,29,32,31,,TJ,SYW,"AGR, SM, TJ",160-169
251,2025,Juneau,Medeia,4,M,Sublegal,142,167,29,29,29,30,30,31,,,SYW,"AGR, SM",160-169
322,2025,Juneau,Medeia,15,M,Sublegal,138,167,28,30,29,27,30,29,L2 REGENERATED,,"SYW, AGR","AGR, SM, CS SYW",160-169
481,2025,St James Bay,Medeia,2,M,Sublegal,137,167,27,28,27,27,28,28,,,,,160-169
162,2017,Excursion,Medeia,,M,Sublegal,138,168,32,33,32,33,34,33,,,,,160-169
30,2017,Peril Strait,Medeia,,M,Sublegal,136,168,33,33,32,31,33,32,,,,,160-169
364,2017,Seymour,Medeia,,M,Sublegal,139,168,31,33,31,32,33,31,,,,,160-169
264,2025,Juneau,Medeia,4,M,Sublegal,140,168,29,30,31,30,31,31,,,SYW,"AGR, SM",160-169
308,2025,Juneau,Medeia,15,M,Sublegal,140,168,29,30,29,30,30,32,,,"SYW, AGR","AGR, SM, CS SYW",160-169
439,2025,St James Bay,Medeia,2,M,Sublegal,144,168,30,31,29,30,29,32,,,,,160-169
454,2025,St James Bay,Medeia,2,M,Sublegal,143,168,30,30,30,30,28,32,,,,,160-169
456,2025,St James Bay,Medeia,2,M,Sublegal,141,168,28,29,30,28,29,29,,,,,160-169
470,2025,St James Bay,Medeia,2,M,Sublegal,138,168,30,30,29,28,29,29,,,,,160-169
129,2017,Excursion,Medeia,,M,Sublegal,141,169,32,34,32,31,32,31,,,,,160-169
217,2025,Juneau,Medeia,14,M,Sublegal,143,169,29,30,31,30,30,33,,TJ,SYW,"AGR, SM, TJ",160-169
233,2025,Juneau,Medeia,14,M,Sublegal,149,169,32,33,32,31,32,32,,TJ,SYW,"AGR, SM, TJ",160-169
258,2025,Juneau,Medeia,4,M,Sublegal,144,169,28,30,30,29,30,30,,,SYW,"AGR, SM",160-169
280,2025,Juneau,Medeia,3,M,Sublegal,146,169,30,32,32,30,29,32,,,"SYW, AGR","AGR, SM, CS SYW",160-169
293,2025,Juneau,Medeia,3,M,Sublegal,142,169,29,30,29,29,29,30,,,"SYW, AGR","AGR, SM, CS SYW",160-169
390,2025,St James Bay,Medeia,5,M,Sublegal,143,169,29,30,29,29,28,30,,,,,160-169
442,2025,St James Bay,Medeia,2,M,Sublegal,132,169,29,29,28,27,29,29,R3 REGENERATED,,,,160-169
480,2025,St James Bay,Medeia,2,M,Sublegal,138,169,31,31,31,31,32,32,L3 MISSING,,,,160-169
486,2025,St James Bay,Medeia,8,M,Sublegal,144,169,30,31,30,29,29,29,,,,,160-169
494,2025,St James Bay,Medeia,8,M,Sublegal,140,169,30,31,30,28,30,31,,,,,160-169
106,2017,Excursion,Medeia,,M,Sublegal,138,170,31,32,30,30,32,32,,,,,170-179
204,2017,St James Bay,Medeia,,M,Sublegal,140,170,33,35,33,33,32,32,,,,,170-179
134,2025,Juneau,Medeia,9,M,Sublegal,146,170,31,33,31,31,31,32,,AGR,SYW,"AGR, SM, TJ",170-179
222,2025,Juneau,Medeia,14,M,Sublegal,140,170,28,30,29,29,31,31,,TJ,SYW,"AGR, SM, TJ",170-179
260,2025,Juneau,Medeia,4,M,Sublegal,142,170,29,29,33,32,32,32,,,SYW,"AGR, SM",170-179
281,2025,Juneau,Medeia,3,M,Sublegal,147,170,30,30,30,31,31,31,,,"SYW, AGR","AGR, SM, CS SYW",170-179
292,2025,Juneau,Medeia,3,M,Sublegal,144,170,29,30,31,28,31,30,,,"SYW, AGR","AGR, SM, CS SYW",170-179
391,2025,St James Bay,Medeia,5,M,Sublegal,141,170,29,30,28,30,29,28,,,,,170-179
394,2025,St James Bay,Medeia,5,M,Sublegal,142,170,,,,28,31,31,DIDN'T MEASURE RIGHT SIDE,,,,170-179
417,2025,St James Bay,Medeia,5,M,Sublegal,149,170,30,32,32,31,33,33,,,,,170-179
185,2017,St James Bay,Medeia,,M,Sublegal,149,171,35,36,34,35,36,34,,,,,170-179
171,2025,Juneau,Medeia,11,M,Sublegal,150,171,30,31,32,31,31,32,,TJ,SYW,"AGR, SM, TJ",170-179
256,2025,Juneau,Medeia,4,M,Sublegal,146,171,31,31,31,33,32,34,,,SYW,"AGR, SM",170-179
288,2025,Juneau,Medeia,3,M,Sublegal,147,171,30,29,31,29,31,31,,,"SYW, AGR","AGR, SM, CS SYW",170-179
397,2025,St James Bay,Medeia,5,M,Sublegal,143,171,30,30,30,30,30,31,,,,,170-179
455,2025,St James Bay,Medeia,2,M,Sublegal,137,171,29,29,29,29,29,29,,,,,170-179
459,2025,St James Bay,Medeia,2,M,Sublegal,141,171,31,30,30,29,28,28,L2 REGENERATED,,,,170-179
72,2017,Excursion,Medeia,,M,Sublegal,144,172,31,33,32,32,32,32,,,,,170-179
59,2017,Excursion,Medeia,,M,Sublegal,143,172,33,35,33,33,34,32,,,,,170-179
198,2017,St James Bay,Medeia,,M,Sublegal,141,172,33,34,33,33,35,33,,,,,170-179
201,2017,St James Bay,Medeia,,M,Sublegal,141,172,33,35,33,33,34,32,,,,,170-179
295,2025,Juneau,Medeia,3,M,Sublegal,140,172,30,30,31,31,31,31,,,"SYW, AGR","AGR, SM, CS SYW",170-179
451,2025,St James Bay,Medeia,2,M,Sublegal,144,172,30,32,33,29,31,31,,,,,170-179
484,2025,St James Bay,Medeia,2,M,Sublegal,144,172,30,32,31,31,31,29,L3 REGENERATED,,,,170-179
137,2017,Excursion,Medeia,,M,Sublegal,139,173,31,32,32,32,33,31,,,,,170-179
196,2017,St James Bay,Medeia,,M,Sublegal,139,173,32,34,30,33,34,33,,,,,170-179
200,2017,St James Bay,Medeia,,M,Sublegal,147,173,34,34,34,33,35,34,,,,,170-179
71,2025,Juneau,Medeia,6,M,Sublegal,148,173,29,31,32,29,31,33,,AGR,SYW,"AGR, SM, TJ",170-179
129,2025,Juneau,Medeia,8,M,Sublegal,147,173,30,31,31,31,31,32,,AGR,SYW,"AGR, SM, TJ",170-179
143,2025,Juneau,Medeia,9,M,Sublegal,148,173,28,31,30,30,30,30,,AGR,SYW,"AGR, SM, TJ",170-179
266,2025,Juneau,Medeia,4,M,Sublegal,147,173,31,32,32,31,31,32,,,SYW,"AGR, SM",170-179
386,2025,St James Bay,Medeia,5,M,Sublegal,146,173,32,32,33,32,32,33,,,,,170-179
421,2025,St James Bay,Medeia,5,M,Sublegal,147,173,30,33,34,31,32,35,,,,,170-179
449,2025,St James Bay,Medeia,2,M,Sublegal,145,173,31,32,31,30,31,32,"R3, L2 REGENERATED",,,,170-179
479,2025,St James Bay,Medeia,2,M,Sublegal,145,173,30,31,33,30,32,33,,,,,170-179
205,2017,St James Bay,Medeia,,M,Sublegal,145,174,34,36,35,35,36,35,,,,,170-179
169,2025,Juneau,Medeia,11,M,Sublegal,143,174,30,31,31,31,32,32,,TJ,SYW,"AGR, SM, TJ",170-179
183,2025,Juneau,Medeia,11,M,Sublegal,146,174,30,31,30,30,31,31,,TJ,SYW,"AGR, SM, TJ",170-179
211,2025,Juneau,Medeia,13,M,Sublegal,151,174,31,32,32,31,30,31,,TJ,SYW,"AGR, SM, TJ",170-179
232,2025,Juneau,Medeia,14,M,Sublegal,145,174,28,28,29,29,29,30,,TJ,SYW,"AGR, SM, TJ",170-179
443,2025,St James Bay,Medeia,2,M,Sublegal,145,174,29,31,30,28,31,32,,,,,170-179
452,2025,St James Bay,Medeia,2,M,Sublegal,143,174,29,30,30,28,28,29,,,,,170-179
53,2017,Excursion,Medeia,,M,Sublegal,140,175,31,33,32,32,34,32,,,,,170-179
145,2017,Excursion,Medeia,,M,Sublegal,143,175,31,33,31,31,32,31,,,,,170-179
262,2025,Juneau,Medeia,4,M,Sublegal,142,175,29,30,30,30,31,30,,,SYW,"AGR, SM",170-179
372,2025,St James Bay,Medeia,1,M,Sublegal,154,175,32,33,34,31,34,34,,,,,170-179
373,2025,St James Bay,Medeia,1,M,Sublegal,145,175,31,31,31,32,32,31,,,,,170-179
426,2025,St James Bay,Medeia,6,M,Sublegal,144,175,31,31,31,30,31,31,,,,,170-179
458,2025,St James Bay,Medeia,2,M,Sublegal,140,175,29,30,30,29,29,30,,,,,170-179
58,2017,Excursion,Medeia,,M,Sublegal,147,176,33,34,33,32,33,31,,,,,170-179
284,2025,Juneau,Medeia,3,M,Sublegal,152,176,31,29,32,32,33,32,,,"SYW, AGR","AGR, SM, CS SYW",170-179
290,2025,Juneau,Medeia,3,M,Sublegal,149,176,31,33,32,30,32,32,,,"SYW, AGR","AGR, SM, CS SYW",170-179
294,2025,Juneau,Medeia,3,M,Sublegal,150,176,30,31,31,29,31,31,L3 REGENERATED,,"SYW, AGR","AGR, SM, CS SYW",170-179
310,2025,Juneau,Medeia,15,M,Sublegal,145,176,30,32,31,29,32,30,,,"SYW, AGR","AGR, SM, CS SYW",170-179
383,2025,St James Bay,Medeia,1,M,Sublegal,151,176,32,31,33,30,32,33,,,,,170-179
387,2025,St James Bay,Medeia,5,M,Sublegal,147,176,32,33,33,30,32,34,,,,,170-179
414,2025,St James Bay,Medeia,5,M,Sublegal,149,176,31,32,30,32,32,33,,,,,170-179
420,2025,St James Bay,Medeia,5,M,Sublegal,144,176,30,31,38,29,30,31,R3 REGENERATED,,,,170-179
430,2025,St James Bay,Medeia,6,M,Sublegal,144,176,29,31,30,27,29,31,,,,,170-179
436,2025,St James Bay,Medeia,2,M,Sublegal,143,176,30,31,32,30,31,31,R2 MISSING,,,,170-179
465,2025,St James Bay,Medeia,2,M,Sublegal,142,176,30,28,31,30,30,31,,,,,170-179
77,2017,Excursion,Medeia,,M,Sublegal,146,177,34,34,33,33,34,33,,,,,170-179
259,2025,Juneau,Medeia,4,M,Sublegal,143,177,30,30,30,31,31,31,,,SYW,"AGR, SM",170-179
272,2025,Juneau,Medeia,4,M,Sublegal,153,177,33,34,33,33,34,34,,,SYW,"AGR, SM",170-179
287,2025,Juneau,Medeia,3,M,Sublegal,147,177,29,31,31,31,31,30,,,"SYW, AGR","AGR, SM, CS SYW",170-179
435,2025,St James Bay,Medeia,2,M,Sublegal,147,177,31,32,32,30,31,32,,,,,170-179
469,2025,St James Bay,Medeia,2,M,Sublegal,148,177,32,32,32,31,33,33,,,,,170-179
471,2025,St James Bay,Medeia,2,M,Sublegal,144,177,29,33,30,28,32,32,,,,,170-179
476,2025,St James Bay,Medeia,2,M,Sublegal,143,177,30,31,31,29,31,30,,,,,170-179
138,2017,Excursion,Medeia,,M,Legal,147,178,34,35,34,35,35,34,,,,,170-179
113,2017,Excursion,Medeia,,M,Legal,157,178,37,37,37,37,39,37,,,,,170-179
245,2025,Juneau,Medeia,15,M,Legal,146,178,31,32,33,32,32,33,,TJ,SYW,"AGR, SM, TJ",170-179
261,2025,Juneau,Medeia,4,M,Legal,145,178,31,32,32,31,32,33,,,SYW,"AGR, SM",170-179
382,2025,St James Bay,Medeia,1,M,Legal,156,178,32,33,36,30,32,34,,,,,170-179
392,2025,St James Bay,Medeia,5,M,Legal,153,178,30,32,32,30,30,32,,,,,170-179
395,2025,St James Bay,Medeia,5,M,Legal,147,178,30,31,30,30,29,31,,,,,170-179
398,2025,St James Bay,Medeia,5,M,Legal,147,178,31,31,32,29,31,31,,,,,170-179
413,2025,St James Bay,Medeia,5,M,Legal,141,178,29,31,31,29,31,32,,,,,170-179
415,2025,St James Bay,Medeia,5,M,Legal,150,178,31,32,33,30,33,32,,,,,170-179
444,2025,St James Bay,Medeia,2,M,Legal,149,178,32,32,32,32,32,32,,,,,170-179
509,2025,St James Bay,Medeia,9,M,Legal,147,178,29,31,31,29,32,32,,,,,170-179
67,2017,Excursion,Medeia,,M,Legal,147,179,34,35,34,33,35,33,,,,,170-179
146,2017,Excursion,Medeia,,M,Legal,150,179,34,35,34,34,36,35,,,,,170-179
93,2017,Excursion,Medeia,,M,Legal,149,179,35,36,34,34,36,35,,,,,170-179
31,2017,Peril Strait,Medeia,,M,Legal,147,179,37,37,34,34,36,34,,,,,170-179
132,2025,Juneau,Medeia,9,M,Legal,154,179,32,34,36,31,31,35,,AGR,SYW,"AGR, SM, TJ",170-179
159,2025,Juneau,Medeia,10,M,Legal,142,179,30,32,31,30,30,31,,TJ,SYW,"AGR, SM, TJ",170-179
193,2025,Juneau,Medeia,13,M,Legal,147,179,31,31,32,31,32,33,,TJ,SYW,"AGR, SM, TJ",170-179
432,2025,St James Bay,Medeia,6,M,Legal,147,179,31,32,31,29,30,31,,,,,170-179
457,2025,St James Bay,Medeia,2,M,Legal,145,179,32,32,30,32,32,32,,,,,170-179
460,2025,St James Bay,Medeia,2,M,Legal,150,179,35,33,34,32,30,34,,,,,170-179
472,2025,St James Bay,Medeia,2,M,Legal,151,179,32,30,32,33,32,30,"R2, L3 MISSING",,,,170-179
80,2017,Excursion,Medeia,,M,Legal,151,180,32,34,31,33,34,33,,,,,180-189
71,2017,Excursion,Medeia,,M,Legal,151,180,35,36,35,35,36,35,,,,,180-189
14,2017,Peril Strait,Medeia,,M,Legal,149,180,38,38,37,37,39,36,,,,,180-189
8,2025,Juneau,Medeia,3,M,Legal,164,180,30,31,33,30,31,32,,AGR,SYW,"AGR, SM, TJ",180-189
63,2025,Juneau,Medeia,6,M,Legal,126,180,29,30,30,29,30,31,,AGR,SYW,"AGR, SM, TJ",180-189
133,2025,Juneau,Medeia,9,M,Legal,152,180,31,32,33,31,32,33,,AGR,SYW,"AGR, SM, TJ",180-189
167,2025,Juneau,Medeia,11,M,Legal,155,180,31,35,34,33,34,35,R1 regenerated,TJ,SYW,"AGR, SM, TJ",180-189
282,2025,Juneau,Medeia,3,M,Legal,153,180,31,32,33,32,32,33,,,"SYW, AGR","AGR, SM, CS SYW",180-189
399,2025,St James Bay,Medeia,5,M,Legal,148,180,32,34,34,33,34,35,,,,,180-189
405,2025,St James Bay,Medeia,5,M,Legal,145,180,30,31,31,31,33,32,,,,,180-189
411,2025,St James Bay,Medeia,5,M,Legal,149,180,31,32,32,31,32,34,,,,,180-189
440,2025,St James Bay,Medeia,2,M,Legal,154,180,33,33,33,32,33,33,,,,,180-189
616,2025,St James Bay,Medeia,5,M,Legal,148,180,31,33,32,31,32,34,,Y,,,180-189
75,2017,Excursion,Medeia,,M,Legal,148,181,32,33,31,32,33,30,,,,,180-189
127,2025,Juneau,Medeia,8,M,Legal,153,181,31,31,32,33,33,34,,AGR,SYW,"AGR, SM, TJ",180-189
136,2025,Juneau,Medeia,9,M,Legal,160,181,34,34,35,32,33,33,,AGR,SYW,"AGR, SM, TJ",180-189
162,2025,Juneau,Medeia,10,M,Legal,148,181,31,32,32,31,31,32,,TJ,SYW,"AGR, SM, TJ",180-189
172,2025,Juneau,Medeia,11,M,Legal,151,181,32,33,32,31,33,32,,TJ,SYW,"AGR, SM, TJ",180-189
278,2025,Juneau,Medeia,3,M,Legal,159,181,31,33,34,33,34,34,,,"SYW, AGR","AGR, SM, CS SYW",180-189
512,2025,St James Bay,Medeia,9,M,Legal,154,181,32,33,32,31,32,33,,,,,180-189
611,2025,St James Bay,Medeia,1,M,Legal,147,181,32,33,32,33,33,34,,Y,,,180-189
91,2017,Excursion,Medeia,,M,Legal,149,182,34,35,33,34,37,33,,,,,180-189
60,2017,Excursion,Medeia,,M,Legal,148,182,35,36,35,35,36,35,,,,,180-189
374,2025,St James Bay,Medeia,1,M,Legal,162,182,34,36,36,33,34,36,,,,,180-189
384,2025,St James Bay,Medeia,1,M,Legal,156,182,32,33,33,30,31,33,,,,,180-189
544,2025,St James Bay,Medeia,12,M,Legal,152,182,32,33,33,32,32,33,,,,,180-189
85,2017,Excursion,Medeia,,M,Legal,144,183,34,36,34,34,35,34,,,,,180-189
86,2017,Excursion,Medeia,,M,Legal,152,183,37,36,35,32,37,34,,,,,180-189
137,2025,Juneau,Medeia,9,M,Legal,154,183,32,32,33,32,33,34,,AGR,SYW,"AGR, SM, TJ",180-189
160,2025,Juneau,Medeia,10,M,Legal,152,183,31,32,32,30,31,32,,TJ,SYW,"AGR, SM, TJ",180-189
174,2025,Juneau,Medeia,11,M,Legal,157,183,32,33,33,33,32,33,,TJ,SYW,"AGR, SM, TJ",180-189
283,2025,Juneau,Medeia,3,M,Legal,152,183,33,32,33,32,34,33,,,"SYW, AGR","AGR, SM, CS SYW",180-189
285,2025,Juneau,Medeia,3,M,Legal,148,183,31,32,33,30,30,32,,,"SYW, AGR","AGR, SM, CS SYW",180-189
401,2025,St James Bay,Medeia,5,M,Legal,152,183,31,31,32,29,31,32,,,,,180-189
450,2025,St James Bay,Medeia,2,M,Legal,158,183,34,35,35,33,33,36,,,,,180-189
493,2025,St James Bay,Medeia,8,M,Legal,151,183,33,34,33,32,32,32,,,,,180-189
515,2025,St James Bay,Medeia,10,M,Legal,153,183,33,33,35,35,34,36,,,,,180-189
529,2025,St James Bay,Medeia,11,M,Legal,151,183,32,30,34,29,32,34,,,,,180-189
531,2025,St James Bay,Medeia,11,M,Legal,151,183,32,33,32,30,32,32,,,,,180-189
52,2017,Excursion,Medeia,,M,Legal,152,184,35,36,35,34,35,36,,,,,180-189
70,2017,Excursion,Medeia,,M,Legal,153,184,37,38,36,38,37,37,,,,,180-189
59,2025,Juneau,Medeia,6,M,Legal,150,184,30,31,31,30,31,32,,AGR,SYW,"AGR, SM, TJ",180-189
142,2025,Juneau,Medeia,9,M,Legal,156,184,32,33,33,32,31,32,L3 no leg,AGR,SYW,"AGR, SM, TJ",180-189
324,2025,Juneau,Medeia,14,M,Legal,153,184,34,34,33,32,35,35,,,"SYW, AGR","AGR, SM, CS SYW",180-189
510,2025,St James Bay,Medeia,9,M,Legal,154,184,33,34,33,33,33,34,,,,,180-189
554,2025,St James Bay,Medeia,13,M,Legal,155,184,32,32,33,29,32,34,,,,,180-189
572,2025,St James Bay,Medeia,15,M,Legal,137,184,30,30,32,31,31,33,"L2, L3, R2, R3 REGENERATED",,,,180-189
194,2017,St James Bay,Medeia,,M,Legal,149,185,35,36,33,35,37,35,,,,,180-189
197,2017,St James Bay,Medeia,,M,Legal,153,185,37,38,36,35,36,35,,,,,180-189
315,2025,Juneau,Medeia,15,M,Legal,159,185,34,35,35,34,35,35,,,"SYW, AGR","AGR, SM, CS SYW",180-189
380,2025,St James Bay,Medeia,1,M,Legal,152,185,31,34,34,30,32,33,,,,,180-189
381,2025,St James Bay,Medeia,1,M,Legal,150,185,32,33,33,32,33,33,,,,,180-189
491,2025,St James Bay,Medeia,8,M,Legal,158,185,34,35,35,32,34,34,,,,,180-189
535,2025,St James Bay,Medeia,11,M,Legal,151,185,31,34,34,31,35,34,,,,,180-189
74,2017,Excursion,Medeia,,M,Legal,147,186,34,36,34,34,35,34,,,,,180-189
148,2025,Juneau,Medeia,9,M,Legal,158,186,31,31,32,32,33,32,,AGR,SYW,"AGR, SM, TJ",180-189
173,2025,Juneau,Medeia,11,M,Legal,154,186,33,34,33,34,36,36,,TJ,SYW,"AGR, SM, TJ",180-189
200,2025,Juneau,Medeia,13,M,Legal,163,186,33,34,35,34,34,34,,TJ,SYW,"AGR, SM, TJ",180-189
528,2025,St James Bay,Medeia,11,M,Legal,156,186,34,35,35,33,34,34,,,,,180-189
180,2017,St James Bay,Medeia,,M,Legal,153,187,35,39,37,37,40,36,,,,,180-189
140,2025,Juneau,Medeia,9,M,Legal,154,187,31,32,33,32,32,32,,AGR,SYW,"AGR, SM, TJ",180-189
253,2025,Juneau,Medeia,4,M,Legal,156,187,31,30,31,31,32,32,,,SYW,"AGR, SM",180-189
291,2025,Juneau,Medeia,3,M,Legal,160,187,35,35,35,37,35,31,L3 REGENERATED,,"SYW, AGR","AGR, SM, CS SYW",180-189
462,2025,St James Bay,Medeia,2,M,Legal,162,187,33,35,34,33,35,36,,,,,180-189
613,2025,St James Bay,Medeia,1,M,Legal,154,187,32,32,33,32,33,34,,Y,,,180-189
620,2025,St James Bay,Medeia,2,M,Legal,159,187,32,32,34,32,32,35,,Y,,,180-189
107,2017,Excursion,Medeia,,M,Legal,153,188,35,35,35,35,37,35,,,,,180-189
69,2017,Excursion,Medeia,,M,Legal,152,188,36,35,35,38,37,34,,,,,180-189
189,2017,St James Bay,Medeia,,M,Legal,155,188,37,39,37,37,38,37,,,,,180-189
1,2025,Juneau,Medeia,3Trial,M,Legal,153,188,35,34,34,33,35,35,trial run (usable data though),AGR,AGR,"AGR, SM, TJ",180-189
257,2025,Juneau,Medeia,4,M,Legal,154,188,33,34,34,33,34,35,,,SYW,"AGR, SM",180-189
273,2025,Juneau,Medeia,4,M,Legal,162,188,33,34,32,32,35,37,,,SYW,"AGR, SM",180-189
403,2025,St James Bay,Medeia,5,M,Legal,158,188,31,32,32,31,31,32,,,,,180-189
429,2025,St James Bay,Medeia,6,M,Legal,153,188,31,32,33,31,32,33,,,,,180-189
437,2025,St James Bay,Medeia,2,M,Legal,157,188,32,33,33,32,32,33,,,,,180-189
473,2025,St James Bay,Medeia,2,M,Legal,156,188,34,34,33,33,33,34,,,,,180-189
498,2025,St James Bay,Medeia,8,M,Legal,155,188,33,34,32,32,34,33,,,,,180-189
532,2025,St James Bay,Medeia,11,M,Legal,156,188,32,34,32,33,34,34,,,,,180-189
536,2025,St James Bay,Medeia,11,M,Legal,156,188,33,35,34,32,34,34,,,,,180-189
111,2017,Excursion,Medeia,,M,Legal,154,189,33,34,34,34,35,34,,,,,180-189
126,2017,Excursion,Medeia,,M,Legal,158,189,37,39,38,37,40,36,,,,,180-189
127,2017,Excursion,Medeia,,M,Legal,161,189,37,37,37,37,38,37,,,,,180-189
208,2017,St James Bay,Medeia,,M,Legal,154,189,36,37,35,35,37,34,,,,,180-189
211,2017,St James Bay,Medeia,,M,Legal,155,189,37,39,38,37,39,37,,,,,180-189
210,2017,St James Bay,Medeia,,M,Legal,162,189,39,39,37,38,38,36,,,,,180-189
180,2025,Juneau,Medeia,11,M,Legal,154,189,33,34,33,33,34,34,,TJ,SYW,"AGR, SM, TJ",180-189
320,2025,Juneau,Medeia,15,M,Legal,160,189,33,34,34,33,34,34,,,"SYW, AGR","AGR, SM, CS SYW",180-189
492,2025,St James Bay,Medeia,8,M,Legal,155,189,31,32,29,31,32,33,,,,,180-189
309,2025,Juneau,Medeia,15,M,Legal,157,190,33,34,35,32,34,34,,,"SYW, AGR","AGR, SM, CS SYW",190-199
339,2025,Juneau,Medeia,13,M,Legal,159,190,34,35,34,34,36,35,,,"SYW, AGR","AGR, SM, CS SYW",190-199
343,2025,Juneau,Medeia,13,M,Legal,154,190,31,33,32,31,33,34,,,"SYW, AGR","AGR, SM, CS SYW",190-199
346,2025,Juneau,Medeia,13,M,Legal,155,190,32,32,32,32,32,33,,,"SYW, AGR","AGR, SM, CS SYW",190-199
349,2025,Juneau,Medeia,13,M,Legal,160,190,33,34,35,33,33,35,,,"SYW, AGR","AGR, SM, CS SYW",190-199
371,2025,St James Bay,Medeia,1,M,Legal,157,190,32,34,35,30,32,34,,,,,190-199
617,2025,St James Bay,Medeia,5,M,Legal,159,190,33,31,33,30,31,33,,Y,,,190-199
624,2025,St James Bay,Medeia,7,M,Legal,159,190,32,34,33,32,33,34,,Y,,,190-199
634,2025,St James Bay,Medeia,9,M,Legal,156,190,33,32,33,34,34,33,,Y,,,190-199
103,2017,Excursion,Medeia,,M,Legal,158,191,35,36,36,36,37,36,,,,,190-199
155,2017,Excursion,Medeia,,M,Legal,160,191,37,39,36,38,40,37,,,,,190-199
147,2025,Juneau,Medeia,9,M,Legal,137,191,36,36,36,36,36,40,,AGR,SYW,"AGR, SM, TJ",190-199
176,2025,Juneau,Medeia,11,M,Legal,159,191,33,34,33,32,36,35,,TJ,SYW,"AGR, SM, TJ",190-199
307,2025,Juneau,Medeia,15,M,Legal,160,191,34,35,34,33,35,34,L1 REGENERATED,,"SYW, AGR","AGR, SM, CS SYW",190-199
385,2025,St James Bay,Medeia,5,M,Legal,156,191,32,34,33,33,32,34,,,,,190-199
409,2025,St James Bay,Medeia,5,M,Legal,154,191,33,33,33,33,34,34,,,,,190-199
600,2025,St James Bay,Medeia,1,M,Legal,153,191,31,33,32,33,34,35,,Y,,,190-199
633,2025,St James Bay,Medeia,9,M,Legal,156,191,33,33,34,34,33,34,,Y,,,190-199
76,2017,Excursion,Medeia,,M,Legal,157,192,35,37,34,37,37,35,,,,,190-199
87,2017,Excursion,Medeia,,M,Legal,164,192,35,38,37,38,38,36,,,,,190-199
100,2017,Excursion,Medeia,,M,Legal,155,192,36,39,36,36,36,36,,,,,190-199
118,2017,Excursion,Medeia,,M,Legal,162,192,37,41,37,37,39,37,,,,,190-199
154,2017,Excursion,Medeia,,M,Legal,162,192,39,39,39,40,41,38,,,,,190-199
19,2017,Peril Strait,Medeia,,M,Legal,155,192,36,36,35,36,36,35,,,,,190-199
263,2025,Juneau,Medeia,4,M,Legal,165,192,34,35,37,37,37,37,,,SYW,"AGR, SM",190-199
277,2025,Juneau,Medeia,3,M,Legal,165,192,35,36,36,36,37,38,,,"SYW, AGR","AGR, SM, CS SYW",190-199
347,2025,Juneau,Medeia,13,M,Legal,159,192,35,36,36,36,35,36,,,"SYW, AGR","AGR, SM, CS SYW",190-199
377,2025,St James Bay,Medeia,1,M,Legal,168,192,35,37,38,35,37,38,,,,,190-199
607,2025,St James Bay,Medeia,1,M,Legal,160,192,34,35,34,34,35,36,,Y,,,190-199
612,2025,St James Bay,Medeia,1,M,Legal,163,192,35,36,35,35,37,36,,Y,,,190-199
629,2025,St James Bay,Medeia,8,M,Legal,156,192,32,33,34,32,32,35,"R3 REGENERATED, L2 INJURY MEASUREMENT MAY BE INACCURATE",Y,,,190-199
637,2025,St James Bay,Medeia,11,M,Legal,159,192,32,34,35,32,33,34,,Y,,,190-199
642,2025,St James Bay,Medeia,13,M,Legal,159,192,32,33,33,33,33,34,,Y,,,190-199
17,2017,Peril Strait,Medeia,,M,Legal,158,193,38,40,37,37,39,37,,,,,190-199
230,2025,Juneau,Medeia,14,M,Legal,158,193,32,34,34,33,33,35,,TJ,SYW,"AGR, SM, TJ",190-199
269,2025,Juneau,Medeia,4,M,Legal,162,193,35,36,35,36,37,36,,,SYW,"AGR, SM",190-199
337,2025,Juneau,Medeia,14,M,Legal,163,193,34,35,35,35,35,35,,,"SYW, AGR","AGR, SM, CS SYW",190-199
485,2025,St James Bay,Medeia,2,M,Legal,157,193,31,33,36,30,31,34,,,,,190-199
533,2025,St James Bay,Medeia,11,M,Legal,155,193,32,34,32,32,34,34,,,,,190-199
543,2025,St James Bay,Medeia,12,M,Legal,160,193,35,36,36,34,35,36,,,,,190-199
609,2025,St James Bay,Medeia,1,M,Legal,159,193,33,35,34,34,35,35,,Y,,,190-199
92,2017,Excursion,Medeia,,M,Legal,158,194,38,38,36,37,38,36,,,,,190-199
168,2025,Juneau,Medeia,11,M,Legal,158,194,35,36,34,34,36,34,,TJ,SYW,"AGR, SM, TJ",190-199
321,2025,Juneau,Medeia,15,M,Legal,164,194,32,35,34,34,34,34,,,"SYW, AGR","AGR, SM, CS SYW",190-199
344,2025,Juneau,Medeia,13,M,Legal,161,194,33,33,34,34,35,35,,,"SYW, AGR","AGR, SM, CS SYW",190-199
348,2025,Juneau,Medeia,13,M,Legal,161,194,34,35,35,34,35,36,,,"SYW, AGR","AGR, SM, CS SYW",190-199
379,2025,St James Bay,Medeia,1,M,Legal,168,194,36,38,38,36,36,38,,,,,190-199
623,2025,St James Bay,Medeia,7,M,Legal,157,194,32,33,34,34,37,35,,Y,,,190-199
95,2017,Excursion,Medeia,,M,Legal,159,195,37,39,37,39,40,38,,,,,190-199
174,2017,Excursion,Medeia,,M,Legal,155,195,38,39,38,37,37,37,,,,,190-199
202,2017,St James Bay,Medeia,,M,Legal,160,195,39,39,37,38,42,38,,,,,190-199
316,2025,Juneau,Medeia,15,M,Legal,166,195,36,36,35,38,37,36,,,"SYW, AGR","AGR, SM, CS SYW",190-199
318,2025,Juneau,Medeia,15,M,Legal,165,195,36,37,36,37,38,37,,,"SYW, AGR","AGR, SM, CS SYW",190-199
325,2025,Juneau,Medeia,14,M,Legal,161,195,34,34,35,34,35,34,,,"SYW, AGR","AGR, SM, CS SYW",190-199
329,2025,Juneau,Medeia,14,M,Legal,163,195,35,35,34,36,36,35,,,"SYW, AGR","AGR, SM, CS SYW",190-199
396,2025,St James Bay,Medeia,5,M,Legal,177,195,36,38,39,36,37,39,,,,,190-199
423,2025,St James Bay,Medeia,6,M,Legal,158,195,31,33,33,31,32,34,"R1, L2 REGENERATED",,,,190-199
530,2025,St James Bay,Medeia,11,M,Legal,159,195,34,36,34,33,35,35,R3 REGENERATED,,,,190-199
545,2025,St James Bay,Medeia,12,M,Legal,158,195,32,35,35,31,32,34,,,,,190-199
603,2025,St James Bay,Medeia,1,M,Legal,166,195,36,38,37,35,36,37,,Y,,,190-199
615,2025,St James Bay,Medeia,1,M,Legal,158,195,32,34,33,32,33,35,R3 REGENERATED,Y,,,190-199
136,2017,Excursion,Medeia,,M,Legal,158,196,36,38,37,37,39,37,,,,,190-199
152,2017,Excursion,Medeia,,M,Legal,164,196,37,38,36,38,40,38,,,,,190-199
604,2025,St James Bay,Medeia,1,M,Legal,162,196,36,34,40,36,37,38,,Y,,,190-199
610,2025,St James Bay,Medeia,1,M,Legal,160,196,32,33,34,30,33,34,,Y,,,190-199
631,2025,St James Bay,Medeia,8,M,Legal,163,196,33,34,34,34,33,35,,Y,,,190-199
635,2025,St James Bay,Medeia,9,M,Legal,170,196,34,33,35,34,32,34,,Y,,,190-199
33,2017,Peril Strait,Medeia,,M,Legal,159,197,39,40,36,39,40,39,,,,,190-199
209,2017,St James Bay,Medeia,,M,Legal,163,197,37,40,39,38,43,37,,,,,190-199
126,2025,Juneau,Medeia,8,M,Legal,156,197,35,33,35,34,32,34,,AGR,SYW,"AGR, SM, TJ",190-199
330,2025,Juneau,Medeia,14,M,Legal,161,197,34,34,34,33,36,34,,,"SYW, AGR","AGR, SM, CS SYW",190-199
334,2025,Juneau,Medeia,14,M,Legal,157,197,34,35,34,33,35,36,,,"SYW, AGR","AGR, SM, CS SYW",190-199
335,2025,Juneau,Medeia,14,M,Legal,160,197,32,35,35,33,34,35,,,"SYW, AGR","AGR, SM, CS SYW",190-199
179,2017,Excursion,Medeia,,M,Legal,162,198,37,38,39,37,38,37,,,,,190-199
32,2017,Peril Strait,Medeia,,M,Legal,166,198,40,40,39,39,38,36,,,,,190-199
199,2017,St James Bay,Medeia,,M,Legal,161,198,34,37,37,36,39,36,,,,,190-199
187,2025,Juneau,Medeia,12,M,Legal,166,198,36,37,37,36,37,37,,TJ,SYW,"AGR, SM, TJ",190-199
619,2025,St James Bay,Medeia,6,M,Legal,163,198,34,34,33,33,35,34,,Y,,,190-199
625,2025,St James Bay,Medeia,7,M,Legal,163,198,34,33,36,34,35,35,,Y,,,190-199
641,2025,St James Bay,Medeia,13,M,Legal,156,198,33,35,35,34,35,34,,Y,,,190-199
144,2025,Juneau,Medeia,9,M,Legal,164,199,35,34,35,35,35,34,,AGR,SYW,"AGR, SM, TJ",190-199
305,2025,Juneau,Medeia,15,M,Legal,159,199,33,34,34,34,34,33,,,"SYW, AGR","AGR, SM, CS SYW",190-199
327,2025,Juneau,Medeia,14,M,Legal,160,199,35,35,36,36,36,36,,,"SYW, AGR","AGR, SM, CS SYW",190-199
614,2025,St James Bay,Medeia,1,M,Legal,157,199,34,35,35,35,36,36,,Y,,,190-199
628,2025,St James Bay,Medeia,8,M,Legal,163,199,34,34,35,35,36,35,,Y,,,190-199
149,2017,Excursion,Medeia,,M,Legal,170,200,39,42,39,41,42,40,,,,,200-209
319,2025,Juneau,Medeia,15,M,Legal,161,200,36,36,36,35,36,37,,,"SYW, AGR","AGR, SM, CS SYW",200-209
326,2025,Juneau,Medeia,14,M,Legal,162,200,34,38,37,35,38,38,,,"SYW, AGR","AGR, SM, CS SYW",200-209
352,2025,Juneau,Medeia,12,M,Legal,171,200,36,37,37,36,38,38,,,"SYW, AGR","AGR, SM, CS SYW",200-209
376,2025,St James Bay,Medeia,1,M,Legal,165,200,34,37,35,34,35,36,,,,,200-209
418,2025,St James Bay,Medeia,5,M,Legal,160,200,35,36,36,35,36,37,,,,,200-209
526,2025,St James Bay,Medeia,11,M,Legal,169,200,33,34,34,33,34,35,,,,,200-209
550,2025,St James Bay,Medeia,13,M,Legal,158,200,34,35,34,34,36,34,,,,,200-209
134,2017,Excursion,Medeia,,M,Legal,164,201,38,39,39,38,41,40,,,,,200-209
203,2017,St James Bay,Medeia,,M,Legal,160,201,39,42,39,37,42,36,,,,,200-209
255,2025,Juneau,Medeia,4,M,Legal,166,201,34,34,35,34,34,32,,,SYW,"AGR, SM",200-209
178,2025,Juneau,Medeia,11,M,Legal,160,202,36,36,37,34,35,36,,TJ,SYW,"AGR, SM, TJ",200-209
313,2025,Juneau,Medeia,15,M,Legal,170,202,37,36,36,35,38,39,,,"SYW, AGR","AGR, SM, CS SYW",200-209
345,2025,Juneau,Medeia,13,M,Legal,170,202,34,38,37,35,36,37,,,"SYW, AGR","AGR, SM, CS SYW",200-209
360,2025,Juneau,Medeia,10,M,Legal,163,202,36,35,38,35,37,38,,,"SYW, AGR","AGR, SM, CS SYW",200-209
363,2025,Juneau,Medeia,10,M,Legal,165,202,38,34,35,35,35,37,,,"SYW, AGR","AGR, SM, CS SYW",200-209
521,2025,St James Bay,Medeia,10,M,Legal,163,202,34,37,37,33,34,37,,,,,200-209
638,2025,St James Bay,Medeia,11,M,Legal,162,202,34,34,36,36,37,33,L3 REGENERATED,Y,,,200-209
78,2017,Excursion,Medeia,,M,Legal,161,203,40,41,40,40,43,41,,,,,200-209
131,2025,Juneau,Medeia,9,M,Legal,170,203,37,37,39,37,37,38,,AGR,SYW,"AGR, SM, TJ",200-209
306,2025,Juneau,Medeia,15,M,Legal,166,203,35,35,35,35,35,35,,,"SYW, AGR","AGR, SM, CS SYW",200-209
314,2025,Juneau,Medeia,15,M,Legal,168,203,36,36,36,36,36,36,,,"SYW, AGR","AGR, SM, CS SYW",200-209
323,2025,Juneau,Medeia,14,M,Legal,171,203,37,38,37,37,37,37,,,"SYW, AGR","AGR, SM, CS SYW",200-209
333,2025,Juneau,Medeia,14,M,Legal,169,203,37,38,38,37,38,38,,,"SYW, AGR","AGR, SM, CS SYW",200-209
341,2025,Juneau,Medeia,13,M,Legal,169,203,35,35,37,35,37,38,,,"SYW, AGR","AGR, SM, CS SYW",200-209
364,2025,Juneau,Medeia,10,M,Legal,169,203,37,38,38,36,38,38,,,"SYW, AGR","AGR, SM, CS SYW",200-209
527,2025,St James Bay,Medeia,11,M,Legal,172,203,36,38,37,35,37,37,,,,,200-209
639,2025,St James Bay,Medeia,12,M,Legal,164,203,35,36,39,35,36,38,,Y,,,200-209
649,2025,St James Bay,Medeia,14,M,Legal,163,203,35,37,38,36,35,38,,Y,,,200-209
331,2017,Gambier,Medeia,,M,Legal,167,204,40,42,40,40,41,39,,,,,200-209
36,2017,Peril Strait,Medeia,,M,Legal,166,204,40,41,39,41,42,39,,,,,200-209
16,2017,Peril Strait,Medeia,,M,Legal,167,204,40,42,39,40,41,40,,,,,200-209
369,2017,Seymour,Medeia,,M,Legal,165,204,40,41,39,39,40,39,,,,,200-209
358,2017,Seymour,Medeia,,M,Legal,170,204,41,43,41,41,43,43,,,,,200-209
368,2017,Seymour,Medeia,,M,Legal,170,204,43,45,42,43,45,43,,,,,200-209
354,2025,Juneau,Medeia,12,M,Legal,165,204,34,33,32,34,33,36,,,"SYW, AGR","AGR, SM, CS SYW",200-209
378,2025,St James Bay,Medeia,1,M,Legal,167,204,34,36,37,34,35,36,,,,,200-209
517,2025,St James Bay,Medeia,10,M,Legal,167,204,36,38,38,36,37,37,,,,,200-209
606,2025,St James Bay,Medeia,1,M,Legal,177,204,37,36,36,35,36,38,,Y,,,200-209
104,2017,Excursion,Medeia,,M,Legal,165,205,38,38,38,38,37,35,,,,,200-209
252,2025,Juneau,Medeia,4,M,Legal,158,205,30,30,31,31,29,32,,,SYW,"AGR, SM",200-209
332,2025,Juneau,Medeia,14,M,Legal,165,205,34,37,36,35,36,37,,,"SYW, AGR","AGR, SM, CS SYW",200-209
514,2025,St James Bay,Medeia,10,M,Legal,173,205,38,39,38,38,38,39,,,,,200-209
605,2025,St James Bay,Medeia,1,M,Legal,166,205,35,37,37,35,38,38,,Y,,,200-209
627,2025,St James Bay,Medeia,8,M,Legal,173,205,37,36,39,36,37,39,,Y,,,200-209
206,2017,St James Bay,Medeia,,M,Legal,167,206,37,38,38,39,38,37,,,,,200-209
328,2025,Juneau,Medeia,14,M,Legal,174,206,39,40,36,38,39,40,R3 REGENERATED,,"SYW, AGR","AGR, SM, CS SYW",200-209
358,2025,Juneau,Medeia,11,M,Legal,170,206,34,35,38,36,35,35,,,"SYW, AGR","AGR, SM, CS SYW",200-209
316,2017,Gambier,Medeia,,M,Legal,169,207,40,42,40,41,41,40,,,,,200-209
27,2017,Peril Strait,Medeia,,M,Legal,164,207,37,39,37,38,40,38,,,,,200-209
35,2017,Peril Strait,Medeia,,M,Legal,168,207,41,41,40,43,42,41,,,,,200-209
355,2025,Juneau,Medeia,11,M,Legal,163,207,35,35,36,32,36,38,L1 REGROW WEIRD,,"SYW, AGR","AGR, SM, CS SYW",200-209
602,2025,St James Bay,Medeia,1,M,Legal,168,207,36,36,38,36,36,38,,Y,,,200-209
354,2017,Seymour,Medeia,,M,Legal,172,208,38,39,37,37,40,38,,,,,200-209
347,2017,Seymour,Medeia,,M,Legal,171,208,42,44,41,42,44,41,,,,,200-209
139,2025,Juneau,Medeia,9,M,Legal,175,208,37,40,38,37,37,38,,AGR,SYW,"AGR, SM, TJ",200-209
311,2025,Juneau,Medeia,15,M,Legal,180,208,37,38,38,38,37,37,,,"SYW, AGR","AGR, SM, CS SYW",200-209
353,2025,Juneau,Medeia,12,M,Legal,173,208,36,36,36,35,36,38,,,"SYW, AGR","AGR, SM, CS SYW",200-209
359,2025,Juneau,Medeia,11,M,Legal,166,208,34,36,37,34,35,37,,,"SYW, AGR","AGR, SM, CS SYW",200-209
447,2025,St James Bay,Medeia,2,M,Legal,164,208,37,40,37,36,38,38,,,,,200-209
622,2025,St James Bay,Medeia,7,M,Legal,171,208,37,39,38,37,39,39,,Y,,,200-209
356,2017,Seymour,Medeia,,M,Legal,170,209,40,42,40,40,41,40,,,,,200-209
353,2017,Seymour,Medeia,,M,Legal,166,209,41,43,40,40,42,41,,,,,200-209
146,2025,Juneau,Medeia,9,M,Legal,168,209,34,36,38,35,38,39,,AGR,SYW,"AGR, SM, TJ",200-209
342,2025,Juneau,Medeia,13,M,Legal,167,209,34,36,36,34,36,36,,,"SYW, AGR","AGR, SM, CS SYW",200-209
356,2025,Juneau,Medeia,11,M,Legal,169,209,37,39,38,37,38,38,,,"SYW, AGR","AGR, SM, CS SYW",200-209
362,2025,Juneau,Medeia,10,M,Legal,183,209,34,36,35,34,36,37,R3 REGROW/MISSING,,"SYW, AGR","AGR, SM, CS SYW",200-209
519,2025,St James Bay,Medeia,10,M,Legal,170,209,38,38,38,37,38,37,L3 REGENERATED,,,,200-209
68,2017,Excursion,Medeia,,M,Legal,171,210,39,41,39,39,41,40,,,,,210-219
18,2017,Peril Strait,Medeia,,M,Legal,172,210,42,41,40,41,43,40,,,,,210-219
214,2025,Juneau,Medeia,14,M,Legal,168,210,37,38,38,37,39,39,,TJ,SYW,"AGR, SM, TJ",210-219
520,2025,St James Bay,Medeia,10,M,Legal,169,210,35,36,36,35,36,36,,,,,210-219
601,2025,St James Bay,Medeia,1,M,Legal,174,210,38,37,38,38,39,35,L2 REGENERATED,Y,,,210-219
317,2017,Gambier,Medeia,,M,Legal,172,211,39,41,39,39,42,40,,,,,210-219
345,2017,Gambier,Medeia,,M,Legal,177,211,42,43,42,41,41,40,,,,,210-219
15,2017,Peril Strait,Medeia,,M,Legal,169,211,41,42,40,41,43,40,,,,,210-219
338,2025,Juneau,Medeia,13,M,Legal,169,211,33,36,36,34,35,36,,,"SYW, AGR","AGR, SM, CS SYW",210-219
340,2025,Juneau,Medeia,13,M,Legal,173,211,37,38,38,35,38,37,,,"SYW, AGR","AGR, SM, CS SYW",210-219
350,2025,Juneau,Medeia,12,M,Legal,174,211,37,37,38,36,36,38,,,"SYW, AGR","AGR, SM, CS SYW",210-219
621,2025,St James Bay,Medeia,7,M,Legal,169,211,37,38,38,35,37,38,,Y,,,210-219
357,2025,Juneau,Medeia,11,M,Legal,172,212,33,34,35,35,35,35,,,"SYW, AGR","AGR, SM, CS SYW",210-219
608,2025,St James Bay,Medeia,1,M,Legal,171,212,36,35,39,36,36,38,,Y,,,210-219
647,2025,St James Bay,Medeia,14,M,Legal,173,212,37,37,38,37,38,39,,Y,,,210-219
90,2017,Excursion,Medeia,,M,Legal,171,213,40,42,40,40,43,41,,,,,210-219
366,2025,Juneau,Medeia,2,M,Legal,178,213,39,40,42,38,39,41,,,"SYW, AGR","AGR, SM, CS SYW",210-219
156,2017,Excursion,Medeia,,M,Legal,170,214,40,41,40,41,44,40,,,,,210-219
355,2017,Seymour,Medeia,,M,Legal,170,214,42,42,40,41,43,40,,,,,210-219
128,2025,Juneau,Medeia,8,M,Legal,169,214,36,38,38,37,38,38,,AGR,SYW,"AGR, SM, TJ",210-219
361,2025,Juneau,Medeia,10,M,Legal,171,214,35,36,38,35,36,37,,,"SYW, AGR","AGR, SM, CS SYW",210-219
367,2025,Juneau,Medeia,2,M,Legal,175,214,38,40,40,37,42,38,,,"SYW, AGR","AGR, SM, CS SYW",210-219
375,2025,St James Bay,Medeia,1,M,Legal,174,214,35,37,37,35,35,36,,,,,210-219
207,2017,St James Bay,Medeia,,M,Legal,176,215,39,41,41,41,44,41,,,,,210-219
516,2025,St James Bay,Medeia,10,M,Legal,178,216,38,40,39,38,39,40,,,,,210-219
34,2017,Peril Strait,Medeia,,M,Legal,178,218,40,42,42,41,44,41,,,,,210-219
317,2025,Juneau,Medeia,15,M,Legal,176,218,37,38,38,38,39,40,,,"SYW, AGR","AGR, SM, CS SYW",210-219
351,2025,Juneau,Medeia,12,M,Legal,174,218,35,34,36,33,34,37,,,"SYW, AGR","AGR, SM, CS SYW",210-219
365,2025,Juneau,Medeia,8,M,Legal,197,218,40,38,41,39,41,39,,,"SYW, AGR","AGR, SM, CS SYW",210-219
648,2025,St James Bay,Medeia,14,M,Legal,178,218,37,38,38,35,38,36,,Y,,,210-219
37,2017,Peril Strait,Medeia,,M,Legal,180,219,43,44,41,44,44,41,,,,,210-219
646,2025,St James Bay,Medeia,14,M,Legal,181,219,39,39,39,37,39,39,,Y,,,210-219
330,2017,Gambier,Medeia,,M,Legal,182,220,42,45,41,40,45,41,,,,,220-230
346,2017,Gambier,Medeia,,M,Legal,176,221,42,44,42,37,45,42,,,,,220-230
366,2017,Seymour,Medeia,,M,Legal,182,221,44,44,44,45,47,43,,,,,220-230
328,2017,Gambier,Medeia,,M,Legal,183,222,43,44,42,42,45,43,,,,,220-230
357,2017,Seymour,Medeia,,M,Legal,181,222,41,42,38,42,43,40,,,,,220-230
177,2025,Juneau,Medeia,11,M,Legal,183,222,38,41,39,38,38,39,,TJ,SYW,"AGR, SM, TJ",220-230
327,2017,Gambier,Medeia,,M,Legal,179,225,43,44,41,43,44,42,,,,,220-230
329,2017,Gambier,Medeia,,M,Legal,187,225,44,45,44,43,45,43,,,,,220-230
335,2017,Gambier,Medeia,,M,Legal,183,226,44,46,42,43,45,43,,,,,220-230
360,2017,Seymour,Medeia,,M,Legal,184,228,44,44,42,43,45,43,,,,,220-230
336,2025,Juneau,Medeia,14,M,Legal,189,230,37,41,41,42,40,40,,,"SYW, AGR","AGR, SM, CS SYW",220-230
359,2017,Seymour,Medeia,,M,Legal,200,245,50,50,47,48,50,47,,,,,>230
,,,,,,,,,,,,,,,,,,,
,,,,,,,,,29,30,30,29,30,30,,,,,
